,0,1,2,3,4,5,6,7
0,L.A. Times | Wondery,1465334342,2019-10-01,Man In The Window: The Golden State Killer,podcast,"[{'genreId': '1488', 'name': 'True Crime', 'url': 'https://itunes.apple.com/us/genre/id1488'}, {'genreId': '26', 'name': 'Podcasts', 'url': 'https://itunes.apple.com/us/genre/id26'}, {'genreId': '1324', 'name': 'Society & Culture', 'url': 'https://itunes.apple.com/us/genre/id1324'}]",https://podcasts.apple.com/us/podcast/man-in-the-window-the-golden-state-killer/id1465334342,Jamie
1,Wondery | Bloomberg,1459899275,2019-10-01,The Shrink Next Door,podcast,"[{'genreId': '1543', 'name': 'Documentary', 'url': 'https://itunes.apple.com/us/genre/id1543'}, {'genreId': '26', 'name': 'Podcasts', 'url': 'https://itunes.apple.com/us/genre/id26'}, {'genreId': '1324', 'name': 'Society & Culture', 'url': 'https://itunes.apple.com/us/genre/id1324'}, {'genreId': '1302', 'name': 'Personal Journals', 'url': 'https://itunes.apple.com/us/genre/id1302'}]",https://podcasts.apple.com/us/podcast/the-shrink-next-door/id1459899275,Jamie
2,audiochuck | Ashley Flowers,1322200189,2019-09-30,Crime Junkie,podcast,"[{'genreId': '1488', 'name': 'True Crime', 'url': 'https://itunes.apple.com/us/genre/id1488'}, {'genreId': '26', 'name': 'Podcasts', 'url': 'https://itunes.apple.com/us/genre/id26'}]",https://podcasts.apple.com/us/podcast/crime-junkie/id1322200189,Jamie
3,Joe Rogan,360084272,2019-10-03,The Joe Rogan Experience,podcast,"[{'genreId': '1303', 'name': 'Comedy', 'url': 'https://itunes.apple.com/us/genre/id1303'}, {'genreId': '26', 'name': 'Podcasts', 'url': 'https://itunes.apple.com/us/genre/id26'}, {'genreId': '1324', 'name': 'Society & Culture', 'url': 'https://itunes.apple.com/us/genre/id1324'}]",https://podcasts.apple.com/us/podcast/the-joe-rogan-experience/id360084272,Jamie
4,Crooked Media,1464954218,2019-07-22,This Land,podcast,"[{'genreId': '1489', 'name': 'News', 'url': 'https://itunes.apple.com/us/genre/id1489'}, {'genreId': '26', 'name': 'Podcasts', 'url': 'https://itunes.apple.com/us/genre/id26'}]",https://podcasts.apple.com/us/podcast/this-land/id1464954218,Jamie
5,HBO,1459712981,2019-08-15,The Chernobyl Podcast,podcast,"[{'genreId': '1487', 'name': 'History', 'url': 'https://itunes.apple.com/us/genre/id1487'}, {'genreId': '26', 'name': 'Podcasts', 'url': 'https://itunes.apple.com/us/genre/id26'}]",https://podcasts.apple.com/us/podcast/the-chernobyl-podcast/id1459712981,Jamie
6,The New York Times,1200361736,2019-10-03,The Daily,podcast,"[{'genreId': '1526', 'name': 'Daily News', 'url': 'https://itunes.apple.com/us/genre/id1526'}, {'genreId': '26', 'name': 'Podcasts', 'url': 'https://itunes.apple.com/us/genre/id26'}, {'genreId': '1489', 'name': 'News', 'url': 'https://itunes.apple.com/us/genre/id1489'}]",https://podcasts.apple.com/us/podcast/the-daily/id1200361736,Jamie
7,iHeartRadio,1462096941,2019-10-03,Chelsea Handler: Life Will Be the Death of Me,podcast,"[{'genreId': '1496', 'name': 'Comedy Interviews', 'url': 'https://itunes.apple.com/us/genre/id1496'}, {'genreId': '26', 'name': 'Podcasts', 'url': 'https://itunes.apple.com/us/genre/id26'}, {'genreId': '1303', 'name': 'Comedy', 'url': 'https://itunes.apple.com/us/genre/id1303'}]",https://podcasts.apple.com/us/podcast/chelsea-handler-life-will-be-the-death-of-me/id1462096941,Jamie
8,Tenderfoot TV & Cadence 13,1453788965,2019-09-03,To Live and Die in LA,podcast,"[{'genreId': '1488', 'name': 'True Crime', 'url': 'https://itunes.apple.com/us/genre/id1488'}, {'genreId': '26', 'name': 'Podcasts', 'url': 'https://itunes.apple.com/us/genre/id26'}]",https://podcasts.apple.com/us/podcast/to-live-and-die-in-la/id1453788965,Jamie
9,Exactly Right,1074507850,2019-10-03,My Favorite Murder with Karen Kilgariff and Georgia Hardstark,podcast,"[{'genreId': '1488', 'name': 'True Crime', 'url': 'https://itunes.apple.com/us/genre/id1488'}, {'genreId': '26', 'name': 'Podcasts', 'url': 'https://itunes.apple.com/us/genre/id26'}, {'genreId': '1303', 'name': 'Comedy', 'url': 'https://itunes.apple.com/us/genre/id1303'}]",https://podcasts.apple.com/us/podcast/my-favorite-murder-karen-kilgariff-georgia-hardstark/id1074507850,Jamie
10,Barstool Sports,1418960261,2019-10-02,Call Her Daddy,podcast,"[{'genreId': '1303', 'name': 'Comedy', 'url': 'https://itunes.apple.com/us/genre/id1303'}, {'genreId': '26', 'name': 'Podcasts', 'url': 'https://itunes.apple.com/us/genre/id26'}]",https://podcasts.apple.com/us/podcast/call-her-daddy/id1418960261,Jamie
11,Wondery,1421573955,2019-10-01,Dr. Death,podcast,"[{'genreId': '1488', 'name': 'True Crime', 'url': 'https://itunes.apple.com/us/genre/id1488'}, {'genreId': '26', 'name': 'Podcasts', 'url': 'https://itunes.apple.com/us/genre/id26'}, {'genreId': '1489', 'name': 'News', 'url': 'https://itunes.apple.com/us/genre/id1489'}]",https://podcasts.apple.com/us/podcast/dr-death/id1421573955,Jamie
12,NPR,1462650519,2019-06-25,White Lies,podcast,"[{'genreId': '1488', 'name': 'True Crime', 'url': 'https://itunes.apple.com/us/genre/id1488'}, {'genreId': '26', 'name': 'Podcasts', 'url': 'https://itunes.apple.com/us/genre/id26'}]",https://podcasts.apple.com/us/podcast/white-lies/id1462650519,Jamie
13,This American Life,917918570,2018-11-15,Serial,podcast,"[{'genreId': '1489', 'name': 'News', 'url': 'https://itunes.apple.com/us/genre/id1489'}, {'genreId': '26', 'name': 'Podcasts', 'url': 'https://itunes.apple.com/us/genre/id26'}, {'genreId': '1488', 'name': 'True Crime', 'url': 'https://itunes.apple.com/us/genre/id1488'}]",https://podcasts.apple.com/us/podcast/serial/id917918570,Jamie
14,Wondery,1447892344,2019-10-01,Over My Dead Body,podcast,"[{'genreId': '1488', 'name': 'True Crime', 'url': 'https://itunes.apple.com/us/genre/id1488'}, {'genreId': '26', 'name': 'Podcasts', 'url': 'https://itunes.apple.com/us/genre/id26'}, {'genreId': '1489', 'name': 'News', 'url': 'https://itunes.apple.com/us/genre/id1489'}]",https://podcasts.apple.com/us/podcast/over-my-dead-body/id1447892344,Jamie
15,Armchair Umbrella,1345682353,2019-10-03,Armchair Expert with Dax Shepard,podcast,"[{'genreId': '1303', 'name': 'Comedy', 'url': 'https://itunes.apple.com/us/genre/id1303'}, {'genreId': '26', 'name': 'Podcasts', 'url': 'https://itunes.apple.com/us/genre/id26'}, {'genreId': '1309', 'name': 'TV & Film', 'url': 'https://itunes.apple.com/us/genre/id1309'}]",https://podcasts.apple.com/us/podcast/armchair-expert-with-dax-shepard/id1345682353,Jamie
16,NPR,1028908750,2019-09-30,Hidden Brain,podcast,"[{'genreId': '1535', 'name': 'Social Sciences', 'url': 'https://itunes.apple.com/us/genre/id1535'}, {'genreId': '26', 'name': 'Podcasts', 'url': 'https://itunes.apple.com/us/genre/id26'}, {'genreId': '1533', 'name': 'Science', 'url': 'https://itunes.apple.com/us/genre/id1533'}, {'genreId': '1534', 'name': 'Natural Sciences', 'url': 'https://itunes.apple.com/us/genre/id1534'}]",https://podcasts.apple.com/us/podcast/hidden-brain/id1028908750,Jamie
17,C13Originals,1460320573,2019-09-18,Gangster Capitalism,podcast,"[{'genreId': '1324', 'name': 'Society & Culture', 'url': 'https://itunes.apple.com/us/genre/id1324'}, {'genreId': '26', 'name': 'Podcasts', 'url': 'https://itunes.apple.com/us/genre/id26'}]",https://podcasts.apple.com/us/podcast/gangster-capitalism/id1460320573,Jamie
18,NPR,1222114325,2019-10-03,Up First,podcast,"[{'genreId': '1526', 'name': 'Daily News', 'url': 'https://itunes.apple.com/us/genre/id1526'}, {'genreId': '26', 'name': 'Podcasts', 'url': 'https://itunes.apple.com/us/genre/id26'}, {'genreId': '1489', 'name': 'News', 'url': 'https://itunes.apple.com/us/genre/id1489'}]",https://podcasts.apple.com/us/podcast/up-first/id1222114325,Jamie
19,Esther Perel Global Media,1237931798,2019-03-08,Where Should We Begin? with Esther Perel,podcast,"[{'genreId': '1324', 'name': 'Society & Culture', 'url': 'https://itunes.apple.com/us/genre/id1324'}, {'genreId': '26', 'name': 'Podcasts', 'url': 'https://itunes.apple.com/us/genre/id26'}, {'genreId': '1512', 'name': 'Health & Fitness', 'url': 'https://itunes.apple.com/us/genre/id1512'}]",https://podcasts.apple.com/us/podcast/where-should-we-begin-with-esther-perel/id1237931798,Jamie
20,TED,160904630,2019-10-02,TED Talks Daily,podcast,"[{'genreId': '1402', 'name': 'Design', 'url': 'https://itunes.apple.com/us/genre/id1402'}, {'genreId': '26', 'name': 'Podcasts', 'url': 'https://itunes.apple.com/us/genre/id26'}, {'genreId': '1301', 'name': 'Arts', 'url': 'https://itunes.apple.com/us/genre/id1301'}, {'genreId': '1304', 'name': 'Education', 'url': 'https://itunes.apple.com/us/genre/id1304'}]",https://podcasts.apple.com/us/podcast/ted-talks-daily/id160904630,Jamie
21,L.A. Times | Wondery,1272970334,2019-08-30,Dirty John,podcast,"[{'genreId': '1543', 'name': 'Documentary', 'url': 'https://itunes.apple.com/us/genre/id1543'}, {'genreId': '26', 'name': 'Podcasts', 'url': 'https://itunes.apple.com/us/genre/id26'}, {'genreId': '1324', 'name': 'Society & Culture', 'url': 'https://itunes.apple.com/us/genre/id1324'}, {'genreId': '1489', 'name': 'News', 'url': 'https://itunes.apple.com/us/genre/id1489'}]",https://podcasts.apple.com/us/podcast/dirty-john/id1272970334,Jamie
22,Oprah,1264843400,2019-10-02,Oprah’s SuperSoul Conversations,podcast,"[{'genreId': '1314', 'name': 'Religion & Spirituality', 'url': 'https://itunes.apple.com/us/genre/id1314'}, {'genreId': '26', 'name': 'Podcasts', 'url': 'https://itunes.apple.com/us/genre/id26'}, {'genreId': '1324', 'name': 'Society & Culture', 'url': 'https://itunes.apple.com/us/genre/id1324'}]",https://podcasts.apple.com/us/podcast/oprahs-supersoul-conversations/id1264843400,Jamie
23,Naval,1454097755,2019-07-31,Naval,podcast,"[{'genreId': '1412', 'name': 'Investing', 'url': 'https://itunes.apple.com/us/genre/id1412'}, {'genreId': '26', 'name': 'Podcasts', 'url': 'https://itunes.apple.com/us/genre/id26'}, {'genreId': '1321', 'name': 'Business', 'url': 'https://itunes.apple.com/us/genre/id1321'}, {'genreId': '1318', 'name': 'Technology', 'url': 'https://itunes.apple.com/us/genre/id1318'}]",https://podcasts.apple.com/us/podcast/naval/id1454097755,Jamie
24,New Hampshire Public Radio,1423306695,2019-06-07,Bear Brook,podcast,"[{'genreId': '1488', 'name': 'True Crime', 'url': 'https://itunes.apple.com/us/genre/id1488'}, {'genreId': '26', 'name': 'Podcasts', 'url': 'https://itunes.apple.com/us/genre/id26'}]",https://podcasts.apple.com/us/podcast/bear-brook/id1423306695,Jamie
25,iHeartRadio & HowStuffWorks,278981407,2019-10-03,Stuff You Should Know,podcast,"[{'genreId': '1324', 'name': 'Society & Culture', 'url': 'https://itunes.apple.com/us/genre/id1324'}, {'genreId': '26', 'name': 'Podcasts', 'url': 'https://itunes.apple.com/us/genre/id26'}]",https://podcasts.apple.com/us/podcast/stuff-you-should-know/id278981407,Jamie
26,Ramsey Network,77001367,2019-10-02,The Dave Ramsey Show,podcast,"[{'genreId': '1412', 'name': 'Investing', 'url': 'https://itunes.apple.com/us/genre/id1412'}, {'genreId': '26', 'name': 'Podcasts', 'url': 'https://itunes.apple.com/us/genre/id26'}, {'genreId': '1321', 'name': 'Business', 'url': 'https://itunes.apple.com/us/genre/id1321'}, {'genreId': '1304', 'name': 'Education', 'url': 'https://itunes.apple.com/us/genre/id1304'}, {'genreId': '1500', 'name': 'Self-Improvement', 'url': 'https://itunes.apple.com/us/genre/id1500'}]",https://podcasts.apple.com/us/podcast/the-dave-ramsey-show/id77001367,Jamie
27,NPR,1150510297,2019-09-30,How I Built This with Guy Raz,podcast,"[{'genreId': '1321', 'name': 'Business', 'url': 'https://itunes.apple.com/us/genre/id1321'}, {'genreId': '26', 'name': 'Podcasts', 'url': 'https://itunes.apple.com/us/genre/id26'}]",https://podcasts.apple.com/us/podcast/how-i-built-this-with-guy-raz/id1150510297,Jamie
28,This American Life,201671138,2019-09-29,This American Life,podcast,"[{'genreId': '1302', 'name': 'Personal Journals', 'url': 'https://itunes.apple.com/us/genre/id1302'}, {'genreId': '26', 'name': 'Podcasts', 'url': 'https://itunes.apple.com/us/genre/id26'}, {'genreId': '1324', 'name': 'Society & Culture', 'url': 'https://itunes.apple.com/us/genre/id1324'}, {'genreId': '1301', 'name': 'Arts', 'url': 'https://itunes.apple.com/us/genre/id1301'}]",https://podcasts.apple.com/us/podcast/this-american-life/id201671138,Jamie
29,TNT / Cadence13,1450277129,2019-06-14,Root of Evil: The True Story of the Hodel Family and the Black Dahlia,podcast,"[{'genreId': '1488', 'name': 'True Crime', 'url': 'https://itunes.apple.com/us/genre/id1488'}, {'genreId': '26', 'name': 'Podcasts', 'url': 'https://itunes.apple.com/us/genre/id26'}, {'genreId': '1324', 'name': 'Society & Culture', 'url': 'https://itunes.apple.com/us/genre/id1324'}]",https://podcasts.apple.com/us/podcast/root-evil-true-story-hodel-family-black-dahlia/id1450277129,Jamie
30,iHeartRadio,1382244741,2019-10-02,Committed,podcast,"[{'genreId': '1544', 'name': 'Relationships', 'url': 'https://itunes.apple.com/us/genre/id1544'}, {'genreId': '26', 'name': 'Podcasts', 'url': 'https://itunes.apple.com/us/genre/id26'}, {'genreId': '1324', 'name': 'Society & Culture', 'url': 'https://itunes.apple.com/us/genre/id1324'}, {'genreId': '1302', 'name': 'Personal Journals', 'url': 'https://itunes.apple.com/us/genre/id1302'}]",https://podcasts.apple.com/us/podcast/committed/id1382244741,Jamie
31,Stitcher & Bill Nye,1460716677,2019-10-03,Science Rules! with Bill Nye,podcast,"[{'genreId': '1533', 'name': 'Science', 'url': 'https://itunes.apple.com/us/genre/id1533'}, {'genreId': '26', 'name': 'Podcasts', 'url': 'https://itunes.apple.com/us/genre/id26'}]",https://podcasts.apple.com/us/podcast/science-rules-with-bill-nye/id1460716677,Jamie
32,Andy Frisella #100to0,1012570406,2019-09-27,The MFCEO Project,podcast,"[{'genreId': '1321', 'name': 'Business', 'url': 'https://itunes.apple.com/us/genre/id1321'}, {'genreId': '26', 'name': 'Podcasts', 'url': 'https://itunes.apple.com/us/genre/id26'}]",https://podcasts.apple.com/us/podcast/the-mfceo-project/id1012570406,Jamie
33,Tenderfoot TV,1140596919,2019-09-30,Up and Vanished,podcast,"[{'genreId': '1488', 'name': 'True Crime', 'url': 'https://itunes.apple.com/us/genre/id1488'}, {'genreId': '26', 'name': 'Podcasts', 'url': 'https://itunes.apple.com/us/genre/id26'}]",https://podcasts.apple.com/us/podcast/up-and-vanished/id1140596919,Jamie
34,Jay Shetty,1450994021,2019-09-30,On Purpose with Jay Shetty,podcast,"[{'genreId': '1512', 'name': 'Health & Fitness', 'url': 'https://itunes.apple.com/us/genre/id1512'}, {'genreId': '26', 'name': 'Podcasts', 'url': 'https://itunes.apple.com/us/genre/id26'}, {'genreId': '1321', 'name': 'Business', 'url': 'https://itunes.apple.com/us/genre/id1321'}]",https://podcasts.apple.com/us/podcast/on-purpose-with-jay-shetty/id1450994021,Jamie
35,Duolingo,1317493077,2019-09-26,Duolingo Spanish Podcast,podcast,"[{'genreId': '1304', 'name': 'Education', 'url': 'https://itunes.apple.com/us/genre/id1304'}, {'genreId': '26', 'name': 'Podcasts', 'url': 'https://itunes.apple.com/us/genre/id26'}, {'genreId': '1324', 'name': 'Society & Culture', 'url': 'https://itunes.apple.com/us/genre/id1324'}, {'genreId': '1320', 'name': 'Places & Travel', 'url': 'https://itunes.apple.com/us/genre/id1320'}]",https://podcasts.apple.com/us/podcast/duolingo-spanish-podcast/id1317493077,Jamie
36,The Daily Wire,1047335260,2019-10-02,The Ben Shapiro Show,podcast,"[{'genreId': '1489', 'name': 'News', 'url': 'https://itunes.apple.com/us/genre/id1489'}, {'genreId': '26', 'name': 'Podcasts', 'url': 'https://itunes.apple.com/us/genre/id26'}]",https://podcasts.apple.com/us/podcast/the-ben-shapiro-show/id1047335260,Jamie
37,Candice King and Kayla Ewell,1434271505,2019-09-30,Directionally Challenged,podcast,"[{'genreId': '1324', 'name': 'Society & Culture', 'url': 'https://itunes.apple.com/us/genre/id1324'}, {'genreId': '26', 'name': 'Podcasts', 'url': 'https://itunes.apple.com/us/genre/id26'}, {'genreId': '1304', 'name': 'Education', 'url': 'https://itunes.apple.com/us/genre/id1304'}]",https://podcasts.apple.com/us/podcast/directionally-challenged/id1434271505,Jamie
38,Dr. Phil McGraw,1446088262,2019-10-01,Phil in the Blanks,podcast,"[{'genreId': '1324', 'name': 'Society & Culture', 'url': 'https://itunes.apple.com/us/genre/id1324'}, {'genreId': '26', 'name': 'Podcasts', 'url': 'https://itunes.apple.com/us/genre/id26'}, {'genreId': '1304', 'name': 'Education', 'url': 'https://itunes.apple.com/us/genre/id1304'}]",https://podcasts.apple.com/us/podcast/phil-in-the-blanks/id1446088262,Jamie
39,Rachel Hollis,1245763628,2019-10-01,RISE podcast,podcast,"[{'genreId': '1493', 'name': 'Entrepreneurship', 'url': 'https://itunes.apple.com/us/genre/id1493'}, {'genreId': '26', 'name': 'Podcasts', 'url': 'https://itunes.apple.com/us/genre/id26'}, {'genreId': '1321', 'name': 'Business', 'url': 'https://itunes.apple.com/us/genre/id1321'}, {'genreId': '1304', 'name': 'Education', 'url': 'https://itunes.apple.com/us/genre/id1304'}, {'genreId': '1500', 'name': 'Self-Improvement', 'url': 'https://itunes.apple.com/us/genre/id1500'}]",https://podcasts.apple.com/us/podcast/rise-podcast/id1245763628,Vincent
40,WNYC Studios,1463400941,2019-09-03,Adulting,podcast,"[{'genreId': '1496', 'name': 'Comedy Interviews', 'url': 'https://itunes.apple.com/us/genre/id1496'}, {'genreId': '26', 'name': 'Podcasts', 'url': 'https://itunes.apple.com/us/genre/id26'}, {'genreId': '1303', 'name': 'Comedy', 'url': 'https://itunes.apple.com/us/genre/id1303'}, {'genreId': '1497', 'name': 'Stand-Up', 'url': 'https://itunes.apple.com/us/genre/id1497'}]",https://podcasts.apple.com/us/podcast/adulting/id1463400941,Vincent
41,Curbed,1462324602,2019-08-15,Nice Try!,podcast,"[{'genreId': '1402', 'name': 'Design', 'url': 'https://itunes.apple.com/us/genre/id1402'}, {'genreId': '26', 'name': 'Podcasts', 'url': 'https://itunes.apple.com/us/genre/id26'}, {'genreId': '1301', 'name': 'Arts', 'url': 'https://itunes.apple.com/us/genre/id1301'}, {'genreId': '1487', 'name': 'History', 'url': 'https://itunes.apple.com/us/genre/id1487'}]",https://podcasts.apple.com/us/podcast/nice-try/id1462324602,Vincent
42,WTOP/PodcastOne,1461511691,2019-09-13,22 Hours: An American Nightmare,podcast,"[{'genreId': '1489', 'name': 'News', 'url': 'https://itunes.apple.com/us/genre/id1489'}, {'genreId': '26', 'name': 'Podcasts', 'url': 'https://itunes.apple.com/us/genre/id26'}]",https://podcasts.apple.com/us/podcast/22-hours-an-american-nightmare/id1461511691,Vincent
43,Team Coco & Earwolf,1438054347,2019-09-30,Conan O’Brien Needs A Friend,podcast,"[{'genreId': '1303', 'name': 'Comedy', 'url': 'https://itunes.apple.com/us/genre/id1303'}, {'genreId': '26', 'name': 'Podcasts', 'url': 'https://itunes.apple.com/us/genre/id26'}]",https://podcasts.apple.com/us/podcast/conan-obrien-needs-a-friend/id1438054347,Vincent
44,KSL Podcasts | Wondery,1441595858,2019-03-13,Cold,podcast,"[{'genreId': '1488', 'name': 'True Crime', 'url': 'https://itunes.apple.com/us/genre/id1488'}, {'genreId': '26', 'name': 'Podcasts', 'url': 'https://itunes.apple.com/us/genre/id26'}, {'genreId': '1324', 'name': 'Society & Culture', 'url': 'https://itunes.apple.com/us/genre/id1324'}, {'genreId': '1543', 'name': 'Documentary', 'url': 'https://itunes.apple.com/us/genre/id1543'}]",https://podcasts.apple.com/us/podcast/cold/id1441595858,Vincent
45,NBC News,1464919521,2019-10-02,Dateline NBC,podcast,"[{'genreId': '1488', 'name': 'True Crime', 'url': 'https://itunes.apple.com/us/genre/id1488'}, {'genreId': '26', 'name': 'Podcasts', 'url': 'https://itunes.apple.com/us/genre/id26'}, {'genreId': '1489', 'name': 'News', 'url': 'https://itunes.apple.com/us/genre/id1489'}]",https://podcasts.apple.com/us/podcast/dateline-nbc/id1464919521,Vincent
46,NPR,1091709555,2019-09-05,Embedded,podcast,"[{'genreId': '1530', 'name': 'News Commentary', 'url': 'https://itunes.apple.com/us/genre/id1530'}, {'genreId': '26', 'name': 'Podcasts', 'url': 'https://itunes.apple.com/us/genre/id26'}, {'genreId': '1489', 'name': 'News', 'url': 'https://itunes.apple.com/us/genre/id1489'}, {'genreId': '1324', 'name': 'Society & Culture', 'url': 'https://itunes.apple.com/us/genre/id1324'}, {'genreId': '1543', 'name': 'Documentary', 'url': 'https://itunes.apple.com/us/genre/id1543'}]",https://podcasts.apple.com/us/podcast/embedded/id1091709555,Vincent
47,ABC News,1449500734,2019-02-27,The Dropout,podcast,"[{'genreId': '1488', 'name': 'True Crime', 'url': 'https://itunes.apple.com/us/genre/id1488'}, {'genreId': '26', 'name': 'Podcasts', 'url': 'https://itunes.apple.com/us/genre/id26'}]",https://podcasts.apple.com/us/podcast/the-dropout/id1449500734,Vincent
48,Serial & This American Life,1212558767,2017-03-28,S-Town,podcast,"[{'genreId': '1302', 'name': 'Personal Journals', 'url': 'https://itunes.apple.com/us/genre/id1302'}, {'genreId': '26', 'name': 'Podcasts', 'url': 'https://itunes.apple.com/us/genre/id26'}, {'genreId': '1324', 'name': 'Society & Culture', 'url': 'https://itunes.apple.com/us/genre/id1324'}]",https://podcasts.apple.com/us/podcast/s-town/id1212558767,Vincent
49,Pushkin Industries,1455379351,2019-05-21,Against the Rules with Michael Lewis,podcast,"[{'genreId': '1321', 'name': 'Business', 'url': 'https://itunes.apple.com/us/genre/id1321'}, {'genreId': '26', 'name': 'Podcasts', 'url': 'https://itunes.apple.com/us/genre/id26'}, {'genreId': '1545', 'name': 'Sports', 'url': 'https://itunes.apple.com/us/genre/id1545'}]",https://podcasts.apple.com/us/podcast/against-the-rules-with-michael-lewis/id1455379351,Vincent
50,Wondery,1459899343,2019-09-16,Inside Star Wars,podcast,"[{'genreId': '1564', 'name': 'Film History', 'url': 'https://itunes.apple.com/us/genre/id1564'}, {'genreId': '26', 'name': 'Podcasts', 'url': 'https://itunes.apple.com/us/genre/id26'}, {'genreId': '1309', 'name': 'TV & Film', 'url': 'https://itunes.apple.com/us/genre/id1309'}, {'genreId': '1324', 'name': 'Society & Culture', 'url': 'https://itunes.apple.com/us/genre/id1324'}, {'genreId': '1543', 'name': 'Documentary', 'url': 'https://itunes.apple.com/us/genre/id1543'}]",https://podcasts.apple.com/us/podcast/inside-star-wars/id1459899343,Vincent
51,Barstool Sports,1200343264,2019-10-03,Fore Play,podcast,"[{'genreId': '1545', 'name': 'Sports', 'url': 'https://itunes.apple.com/us/genre/id1545'}, {'genreId': '26', 'name': 'Podcasts', 'url': 'https://itunes.apple.com/us/genre/id26'}]",https://podcasts.apple.com/us/podcast/fore-play/id1200343264,Vincent
52,Dan Carlin,173001861,2019-01-12,Dan Carlin's Hardcore History,podcast,"[{'genreId': '1487', 'name': 'History', 'url': 'https://itunes.apple.com/us/genre/id1487'}, {'genreId': '26', 'name': 'Podcasts', 'url': 'https://itunes.apple.com/us/genre/id26'}]",https://podcasts.apple.com/us/podcast/dan-carlins-hardcore-history/id173001861,Vincent
53,Mike Carruthers / OmniCast Media,1150124880,2019-10-03,Something You Should Know,podcast,"[{'genreId': '1324', 'name': 'Society & Culture', 'url': 'https://itunes.apple.com/us/genre/id1324'}, {'genreId': '26', 'name': 'Podcasts', 'url': 'https://itunes.apple.com/us/genre/id26'}]",https://podcasts.apple.com/us/podcast/something-you-should-know/id1150124880,Vincent
54,iHeartRadio & Ron Burgundy,1449766796,2019-10-03,The Ron Burgundy Podcast,podcast,"[{'genreId': '1303', 'name': 'Comedy', 'url': 'https://itunes.apple.com/us/genre/id1303'}, {'genreId': '26', 'name': 'Podcasts', 'url': 'https://itunes.apple.com/us/genre/id26'}]",https://podcasts.apple.com/us/podcast/the-ron-burgundy-podcast/id1449766796,Vincent
55,The Ringer & Bill Simmons,1043699613,2019-10-02,The Bill Simmons Podcast,podcast,"[{'genreId': '1545', 'name': 'Sports', 'url': 'https://itunes.apple.com/us/genre/id1545'}, {'genreId': '26', 'name': 'Podcasts', 'url': 'https://itunes.apple.com/us/genre/id26'}]",https://podcasts.apple.com/us/podcast/the-bill-simmons-podcast/id1043699613,Vincent
56,Aaron Mahnke,978052928,2019-09-30,Lore,podcast,"[{'genreId': '1487', 'name': 'History', 'url': 'https://itunes.apple.com/us/genre/id1487'}, {'genreId': '26', 'name': 'Podcasts', 'url': 'https://itunes.apple.com/us/genre/id26'}]",https://podcasts.apple.com/us/podcast/lore/id978052928,Vincent
57,WNYC Studios,152249110,2019-09-27,Radiolab,podcast,"[{'genreId': '1543', 'name': 'Documentary', 'url': 'https://itunes.apple.com/us/genre/id1543'}, {'genreId': '26', 'name': 'Podcasts', 'url': 'https://itunes.apple.com/us/genre/id26'}, {'genreId': '1324', 'name': 'Society & Culture', 'url': 'https://itunes.apple.com/us/genre/id1324'}, {'genreId': '1533', 'name': 'Science', 'url': 'https://itunes.apple.com/us/genre/id1533'}, {'genreId': '1537', 'name': 'Nature', 'url': 'https://itunes.apple.com/us/genre/id1537'}]",https://podcasts.apple.com/us/podcast/radiolab/id152249110,Vincent
58,​Dubner Productions and Stitcher,354668519,2019-10-03,Freakonomics Radio,podcast,"[{'genreId': '1324', 'name': 'Society & Culture', 'url': 'https://itunes.apple.com/us/genre/id1324'}, {'genreId': '26', 'name': 'Podcasts', 'url': 'https://itunes.apple.com/us/genre/id26'}]",https://podcasts.apple.com/us/podcast/freakonomics-radio/id354668519,Vincent
59,"Stitcher & Khadeen Ellis, Devale Ellis",1460329478,2019-10-02,Dead Ass with Khadeen and Devale Ellis,podcast,"[{'genreId': '1324', 'name': 'Society & Culture', 'url': 'https://itunes.apple.com/us/genre/id1324'}, {'genreId': '26', 'name': 'Podcasts', 'url': 'https://itunes.apple.com/us/genre/id26'}]",https://podcasts.apple.com/us/podcast/dead-ass-with-khadeen-and-devale-ellis/id1460329478,Vincent
60,NPR,523121474,2019-09-27,TED Radio Hour,podcast,"[{'genreId': '1318', 'name': 'Technology', 'url': 'https://itunes.apple.com/us/genre/id1318'}, {'genreId': '26', 'name': 'Podcasts', 'url': 'https://itunes.apple.com/us/genre/id26'}, {'genreId': '1324', 'name': 'Society & Culture', 'url': 'https://itunes.apple.com/us/genre/id1324'}]",https://podcasts.apple.com/us/podcast/ted-radio-hour/id523121474,Vincent
61,Lauren Conrad and Cadence13,1456642771,2019-07-24,Lauren Conrad: Asking for a Friend,podcast,"[{'genreId': '1459', 'name': 'Fashion & Beauty', 'url': 'https://itunes.apple.com/us/genre/id1459'}, {'genreId': '26', 'name': 'Podcasts', 'url': 'https://itunes.apple.com/us/genre/id26'}, {'genreId': '1301', 'name': 'Arts', 'url': 'https://itunes.apple.com/us/genre/id1301'}]",https://podcasts.apple.com/us/podcast/lauren-conrad-asking-for-a-friend/id1456642771,Vincent
62,Pushkin Industries,1119389968,2019-10-01,Revisionist History,podcast,"[{'genreId': '1324', 'name': 'Society & Culture', 'url': 'https://itunes.apple.com/us/genre/id1324'}, {'genreId': '26', 'name': 'Podcasts', 'url': 'https://itunes.apple.com/us/genre/id26'}]",https://podcasts.apple.com/us/podcast/revisionist-history/id1119389968,Vincent
63,Jonathan Van Ness,1068563276,2019-10-02,Getting Curious with Jonathan Van Ness,podcast,"[{'genreId': '1324', 'name': 'Society & Culture', 'url': 'https://itunes.apple.com/us/genre/id1324'}, {'genreId': '26', 'name': 'Podcasts', 'url': 'https://itunes.apple.com/us/genre/id26'}, {'genreId': '1533', 'name': 'Science', 'url': 'https://itunes.apple.com/us/genre/id1533'}]",https://podcasts.apple.com/us/podcast/getting-curious-with-jonathan-van-ness/id1068563276,Vincent
64,Wondery,1459899327,2019-10-01,Life is Short with Justin Long,podcast,"[{'genreId': '1496', 'name': 'Comedy Interviews', 'url': 'https://itunes.apple.com/us/genre/id1496'}, {'genreId': '26', 'name': 'Podcasts', 'url': 'https://itunes.apple.com/us/genre/id26'}, {'genreId': '1303', 'name': 'Comedy', 'url': 'https://itunes.apple.com/us/genre/id1303'}, {'genreId': '1309', 'name': 'TV & Film', 'url': 'https://itunes.apple.com/us/genre/id1309'}]",https://podcasts.apple.com/us/podcast/life-is-short-with-justin-long/id1459899327,Vincent
65,Emma Chamberlain and Ramble,1458568923,2019-10-03,Stupid Genius with Emma Chamberlain,podcast,"[{'genreId': '1303', 'name': 'Comedy', 'url': 'https://itunes.apple.com/us/genre/id1303'}, {'genreId': '26', 'name': 'Podcasts', 'url': 'https://itunes.apple.com/us/genre/id26'}, {'genreId': '1533', 'name': 'Science', 'url': 'https://itunes.apple.com/us/genre/id1533'}]",https://podcasts.apple.com/us/podcast/stupid-genius-with-emma-chamberlain/id1458568923,Vincent
66,Tiny Meat Gang,1303668524,2019-09-27,The Tiny Meat Gang Podcast,podcast,"[{'genreId': '1303', 'name': 'Comedy', 'url': 'https://itunes.apple.com/us/genre/id1303'}, {'genreId': '26', 'name': 'Podcasts', 'url': 'https://itunes.apple.com/us/genre/id26'}]",https://podcasts.apple.com/us/podcast/the-tiny-meat-gang-podcast/id1303668524,Vincent
67,Starburns Audio,1187357113,2019-10-01,Dumb People Town,podcast,"[{'genreId': '1303', 'name': 'Comedy', 'url': 'https://itunes.apple.com/us/genre/id1303'}, {'genreId': '26', 'name': 'Podcasts', 'url': 'https://itunes.apple.com/us/genre/id26'}]",https://podcasts.apple.com/us/podcast/dumb-people-town/id1187357113,Vincent
68,NPR,214089682,2019-10-02,Fresh Air,podcast,"[{'genreId': '1482', 'name': 'Books', 'url': 'https://itunes.apple.com/us/genre/id1482'}, {'genreId': '26', 'name': 'Podcasts', 'url': 'https://itunes.apple.com/us/genre/id26'}, {'genreId': '1301', 'name': 'Arts', 'url': 'https://itunes.apple.com/us/genre/id1301'}, {'genreId': '1309', 'name': 'TV & Film', 'url': 'https://itunes.apple.com/us/genre/id1309'}]",https://podcasts.apple.com/us/podcast/fresh-air/id214089682,Vincent
69,NPR,290783428,2019-10-02,Planet Money,podcast,"[{'genreId': '1321', 'name': 'Business', 'url': 'https://itunes.apple.com/us/genre/id1321'}, {'genreId': '26', 'name': 'Podcasts', 'url': 'https://itunes.apple.com/us/genre/id26'}, {'genreId': '1489', 'name': 'News', 'url': 'https://itunes.apple.com/us/genre/id1489'}]",https://podcasts.apple.com/us/podcast/planet-money/id290783428,Vincent
70,Annie F. Downs,944925529,2019-10-03,That Sounds Fun with Annie F. Downs,podcast,"[{'genreId': '1439', 'name': 'Christianity', 'url': 'https://itunes.apple.com/us/genre/id1439'}, {'genreId': '26', 'name': 'Podcasts', 'url': 'https://itunes.apple.com/us/genre/id26'}, {'genreId': '1314', 'name': 'Religion & Spirituality', 'url': 'https://itunes.apple.com/us/genre/id1314'}, {'genreId': '1324', 'name': 'Society & Culture', 'url': 'https://itunes.apple.com/us/genre/id1324'}, {'genreId': '1302', 'name': 'Personal Journals', 'url': 'https://itunes.apple.com/us/genre/id1302'}]",https://podcasts.apple.com/us/podcast/that-sounds-fun-with-annie-f-downs/id944925529,Vincent
71,My Dad Wrote A Porno,1044196249,2019-10-03,My Dad Wrote A Porno,podcast,"[{'genreId': '1303', 'name': 'Comedy', 'url': 'https://itunes.apple.com/us/genre/id1303'}, {'genreId': '26', 'name': 'Podcasts', 'url': 'https://itunes.apple.com/us/genre/id26'}]",https://podcasts.apple.com/us/podcast/my-dad-wrote-a-porno/id1044196249,Vincent
72,Steven Crowder,929121341,2019-09-27,Louder With Crowder,podcast,"[{'genreId': '1489', 'name': 'News', 'url': 'https://itunes.apple.com/us/genre/id1489'}, {'genreId': '26', 'name': 'Podcasts', 'url': 'https://itunes.apple.com/us/genre/id26'}, {'genreId': '1303', 'name': 'Comedy', 'url': 'https://itunes.apple.com/us/genre/id1303'}]",https://podcasts.apple.com/us/podcast/louder-with-crowder/id929121341,Vincent
73,Pushkin Industries,1463448386,2019-10-02,Solvable,podcast,"[{'genreId': '1489', 'name': 'News', 'url': 'https://itunes.apple.com/us/genre/id1489'}, {'genreId': '26', 'name': 'Podcasts', 'url': 'https://itunes.apple.com/us/genre/id26'}]",https://podcasts.apple.com/us/podcast/solvable/id1463448386,Vincent
74,Criminal & Radiotopia,809264944,2019-09-27,Criminal,podcast,"[{'genreId': '1488', 'name': 'True Crime', 'url': 'https://itunes.apple.com/us/genre/id1488'}, {'genreId': '26', 'name': 'Podcasts', 'url': 'https://itunes.apple.com/us/genre/id26'}]",https://podcasts.apple.com/us/podcast/criminal/id809264944,Vincent
75,Comedy Central,1334878780,2019-10-03,The Daily Show With Trevor Noah: Ears Edition,podcast,"[{'genreId': '1303', 'name': 'Comedy', 'url': 'https://itunes.apple.com/us/genre/id1303'}, {'genreId': '26', 'name': 'Podcasts', 'url': 'https://itunes.apple.com/us/genre/id26'}, {'genreId': '1489', 'name': 'News', 'url': 'https://itunes.apple.com/us/genre/id1489'}, {'genreId': '1526', 'name': 'Daily News', 'url': 'https://itunes.apple.com/us/genre/id1526'}]",https://podcasts.apple.com/us/podcast/the-daily-show-with-trevor-noah-ears-edition/id1334878780,Vincent
76,NPR,121493804,2019-09-28,Wait Wait...Don't Tell Me!,podcast,"[{'genreId': '1303', 'name': 'Comedy', 'url': 'https://itunes.apple.com/us/genre/id1303'}, {'genreId': '26', 'name': 'Podcasts', 'url': 'https://itunes.apple.com/us/genre/id26'}, {'genreId': '1502', 'name': 'Leisure', 'url': 'https://itunes.apple.com/us/genre/id1502'}]",https://podcasts.apple.com/us/podcast/wait-wait-dont-tell-me/id121493804,Vincent
77,Casefile Presents,998568017,2019-09-21,Casefile True Crime,podcast,"[{'genreId': '1488', 'name': 'True Crime', 'url': 'https://itunes.apple.com/us/genre/id1488'}, {'genreId': '26', 'name': 'Podcasts', 'url': 'https://itunes.apple.com/us/genre/id26'}, {'genreId': '1487', 'name': 'History', 'url': 'https://itunes.apple.com/us/genre/id1487'}]",https://podcasts.apple.com/us/podcast/casefile-true-crime/id998568017,Vincent
78,Barstool Sports,1089022756,2019-10-02,Pardon My Take,podcast,"[{'genreId': '1545', 'name': 'Sports', 'url': 'https://itunes.apple.com/us/genre/id1545'}, {'genreId': '26', 'name': 'Podcasts', 'url': 'https://itunes.apple.com/us/genre/id26'}]",https://podcasts.apple.com/us/podcast/pardon-my-take/id1089022756,Chris
79,Slate Podcasts,1462685560,2019-06-17,The Queen,podcast,"[{'genreId': '1487', 'name': 'History', 'url': 'https://itunes.apple.com/us/genre/id1487'}, {'genreId': '26', 'name': 'Podcasts', 'url': 'https://itunes.apple.com/us/genre/id26'}]",https://podcasts.apple.com/us/podcast/the-queen/id1462685560,Chris
80,Ed Mylett,1181233130,2019-10-01,ED MYLETT SHOW,podcast,"[{'genreId': '1321', 'name': 'Business', 'url': 'https://itunes.apple.com/us/genre/id1321'}, {'genreId': '26', 'name': 'Podcasts', 'url': 'https://itunes.apple.com/us/genre/id26'}, {'genreId': '1304', 'name': 'Education', 'url': 'https://itunes.apple.com/us/genre/id1304'}]",https://podcasts.apple.com/us/podcast/ed-mylett-show/id1181233130,Chris
81,Westwood One Podcast Network / Dr. Jordan B Peterson,1184022695,2019-09-29,The Jordan B. Peterson Podcast,podcast,"[{'genreId': '1304', 'name': 'Education', 'url': 'https://itunes.apple.com/us/genre/id1304'}, {'genreId': '26', 'name': 'Podcasts', 'url': 'https://itunes.apple.com/us/genre/id26'}]",https://podcasts.apple.com/us/podcast/the-jordan-b-peterson-podcast/id1184022695,Chris
82,The Last Podcast Network,437299706,2019-10-03,Last Podcast On The Left,podcast,"[{'genreId': '1303', 'name': 'Comedy', 'url': 'https://itunes.apple.com/us/genre/id1303'}, {'genreId': '26', 'name': 'Podcasts', 'url': 'https://itunes.apple.com/us/genre/id26'}, {'genreId': '1324', 'name': 'Society & Culture', 'url': 'https://itunes.apple.com/us/genre/id1324'}]",https://podcasts.apple.com/us/podcast/last-podcast-on-the-left/id437299706,Chris
83,Blaze Podcast Network,1456850698,2019-10-02,Dear America with Graham Allen Podcast,podcast,"[{'genreId': '1530', 'name': 'News Commentary', 'url': 'https://itunes.apple.com/us/genre/id1530'}, {'genreId': '26', 'name': 'Podcasts', 'url': 'https://itunes.apple.com/us/genre/id26'}, {'genreId': '1489', 'name': 'News', 'url': 'https://itunes.apple.com/us/genre/id1489'}]",https://podcasts.apple.com/us/podcast/dear-america-with-graham-allen-podcast/id1456850698,Chris
84,Parcast Network,1461918400,2019-09-30,The Dark Side Of,podcast,"[{'genreId': '1488', 'name': 'True Crime', 'url': 'https://itunes.apple.com/us/genre/id1488'}, {'genreId': '26', 'name': 'Podcasts', 'url': 'https://itunes.apple.com/us/genre/id26'}, {'genreId': '1487', 'name': 'History', 'url': 'https://itunes.apple.com/us/genre/id1487'}]",https://podcasts.apple.com/us/podcast/the-dark-side-of/id1461918400,Chris
85,Ear Hustle & Radiotopia,1240841298,2019-10-02,Ear Hustle,podcast,"[{'genreId': '1543', 'name': 'Documentary', 'url': 'https://itunes.apple.com/us/genre/id1543'}, {'genreId': '26', 'name': 'Podcasts', 'url': 'https://itunes.apple.com/us/genre/id26'}, {'genreId': '1324', 'name': 'Society & Culture', 'url': 'https://itunes.apple.com/us/genre/id1324'}]",https://podcasts.apple.com/us/podcast/ear-hustle/id1240841298,Chris
86,Parcast Network,1293860614,2019-10-03,Haunted Places,podcast,"[{'genreId': '1488', 'name': 'True Crime', 'url': 'https://itunes.apple.com/us/genre/id1488'}, {'genreId': '26', 'name': 'Podcasts', 'url': 'https://itunes.apple.com/us/genre/id26'}, {'genreId': '1487', 'name': 'History', 'url': 'https://itunes.apple.com/us/genre/id1487'}]",https://podcasts.apple.com/us/podcast/haunted-places/id1293860614,Chris
87,Cadence13,1236778275,2019-09-26,VIEWS with David Dobrik and Jason Nash,podcast,"[{'genreId': '1303', 'name': 'Comedy', 'url': 'https://itunes.apple.com/us/genre/id1303'}, {'genreId': '26', 'name': 'Podcasts', 'url': 'https://itunes.apple.com/us/genre/id26'}]",https://podcasts.apple.com/us/podcast/views-with-david-dobrik-and-jason-nash/id1236778275,Chris
88,NPR,1112190608,2019-10-02,Code Switch,podcast,"[{'genreId': '1489', 'name': 'News', 'url': 'https://itunes.apple.com/us/genre/id1489'}, {'genreId': '26', 'name': 'Podcasts', 'url': 'https://itunes.apple.com/us/genre/id26'}, {'genreId': '1324', 'name': 'Society & Culture', 'url': 'https://itunes.apple.com/us/genre/id1324'}]",https://podcasts.apple.com/us/podcast/code-switch/id1112190608,Chris
89,CBC Podcasts,1089216339,2019-09-23,Someone Knows Something,podcast,"[{'genreId': '1488', 'name': 'True Crime', 'url': 'https://itunes.apple.com/us/genre/id1488'}, {'genreId': '26', 'name': 'Podcasts', 'url': 'https://itunes.apple.com/us/genre/id26'}]",https://podcasts.apple.com/us/podcast/someone-knows-something/id1089216339,Chris
90,NBC News,1463081342,2019-09-15,13 Alibis,podcast,"[{'genreId': '1488', 'name': 'True Crime', 'url': 'https://itunes.apple.com/us/genre/id1488'}, {'genreId': '26', 'name': 'Podcasts', 'url': 'https://itunes.apple.com/us/genre/id26'}, {'genreId': '1489', 'name': 'News', 'url': 'https://itunes.apple.com/us/genre/id1489'}]",https://podcasts.apple.com/us/podcast/13-alibis/id1463081342,Chris
91,The Moth,275699983,2019-10-01,The Moth,podcast,"[{'genreId': '1405', 'name': 'Performing Arts', 'url': 'https://itunes.apple.com/us/genre/id1405'}, {'genreId': '26', 'name': 'Podcasts', 'url': 'https://itunes.apple.com/us/genre/id26'}, {'genreId': '1301', 'name': 'Arts', 'url': 'https://itunes.apple.com/us/genre/id1301'}]",https://podcasts.apple.com/us/podcast/the-moth/id275699983,Chris
92,Incongruity,790487079,2019-09-28,Sword and Scale,podcast,"[{'genreId': '1488', 'name': 'True Crime', 'url': 'https://itunes.apple.com/us/genre/id1488'}, {'genreId': '26', 'name': 'Podcasts', 'url': 'https://itunes.apple.com/us/genre/id26'}, {'genreId': '1533', 'name': 'Science', 'url': 'https://itunes.apple.com/us/genre/id1533'}, {'genreId': '1535', 'name': 'Social Sciences', 'url': 'https://itunes.apple.com/us/genre/id1535'}]",https://podcasts.apple.com/us/podcast/sword-and-scale/id790487079,Chris
93,Gary Vaynerchuk,928159684,2019-10-03,The GaryVee Audio Experience,podcast,"[{'genreId': '1493', 'name': 'Entrepreneurship', 'url': 'https://itunes.apple.com/us/genre/id1493'}, {'genreId': '26', 'name': 'Podcasts', 'url': 'https://itunes.apple.com/us/genre/id26'}, {'genreId': '1321', 'name': 'Business', 'url': 'https://itunes.apple.com/us/genre/id1321'}, {'genreId': '1492', 'name': 'Marketing', 'url': 'https://itunes.apple.com/us/genre/id1492'}]",https://podcasts.apple.com/us/podcast/the-garyvee-audio-experience/id928159684,Chris
94,Ashley Hesseltine and Rayna Greenberg,1348777092,2019-09-30,Girls Gotta Eat,podcast,"[{'genreId': '1303', 'name': 'Comedy', 'url': 'https://itunes.apple.com/us/genre/id1303'}, {'genreId': '26', 'name': 'Podcasts', 'url': 'https://itunes.apple.com/us/genre/id26'}, {'genreId': '1512', 'name': 'Health & Fitness', 'url': 'https://itunes.apple.com/us/genre/id1512'}, {'genreId': '1516', 'name': 'Sexuality', 'url': 'https://itunes.apple.com/us/genre/id1516'}]",https://podcasts.apple.com/us/podcast/girls-gotta-eat/id1348777092,Chris
95,Exactly Right,1455668750,2019-09-30,Jensen and Holes: The Murder Squad,podcast,"[{'genreId': '1488', 'name': 'True Crime', 'url': 'https://itunes.apple.com/us/genre/id1488'}, {'genreId': '26', 'name': 'Podcasts', 'url': 'https://itunes.apple.com/us/genre/id26'}, {'genreId': '1324', 'name': 'Society & Culture', 'url': 'https://itunes.apple.com/us/genre/id1324'}, {'genreId': '1543', 'name': 'Documentary', 'url': 'https://itunes.apple.com/us/genre/id1543'}]",https://podcasts.apple.com/us/podcast/jensen-and-holes-the-murder-squad/id1455668750,Chris
96,The North Star,1457725100,2019-10-01,The Breakdown with Shaun King,podcast,"[{'genreId': '1489', 'name': 'News', 'url': 'https://itunes.apple.com/us/genre/id1489'}, {'genreId': '26', 'name': 'Podcasts', 'url': 'https://itunes.apple.com/us/genre/id26'}]",https://podcasts.apple.com/us/podcast/the-breakdown-with-shaun-king/id1457725100,Chris
97,iHeartRadio & HowStuffWorks,283605519,2019-10-02,Stuff You Missed in History Class,podcast,"[{'genreId': '1487', 'name': 'History', 'url': 'https://itunes.apple.com/us/genre/id1487'}, {'genreId': '26', 'name': 'Podcasts', 'url': 'https://itunes.apple.com/us/genre/id26'}]",https://podcasts.apple.com/us/podcast/stuff-you-missed-in-history-class/id283605519,Chris
98,NPR,953290300,2019-09-20,Invisibilia,podcast,"[{'genreId': '1535', 'name': 'Social Sciences', 'url': 'https://itunes.apple.com/us/genre/id1535'}, {'genreId': '26', 'name': 'Podcasts', 'url': 'https://itunes.apple.com/us/genre/id26'}, {'genreId': '1533', 'name': 'Science', 'url': 'https://itunes.apple.com/us/genre/id1533'}, {'genreId': '1324', 'name': 'Society & Culture', 'url': 'https://itunes.apple.com/us/genre/id1324'}, {'genreId': '1302', 'name': 'Personal Journals', 'url': 'https://itunes.apple.com/us/genre/id1302'}]",https://podcasts.apple.com/us/podcast/invisibilia/id953290300,Chris
99,"Tim Ferriss: Bestselling Author, Human Guinea Pig",863897795,2019-09-26,The Tim Ferriss Show,podcast,"[{'genreId': '1412', 'name': 'Investing', 'url': 'https://itunes.apple.com/us/genre/id1412'}, {'genreId': '26', 'name': 'Podcasts', 'url': 'https://itunes.apple.com/us/genre/id26'}, {'genreId': '1321', 'name': 'Business', 'url': 'https://itunes.apple.com/us/genre/id1321'}, {'genreId': '1512', 'name': 'Health & Fitness', 'url': 'https://itunes.apple.com/us/genre/id1512'}]",https://podcasts.apple.com/us/podcast/the-tim-ferriss-show/id863897795,Chris
100,Crooked Media,1192761536,2019-09-30,Pod Save America,podcast,"[{'genreId': '1489', 'name': 'News', 'url': 'https://itunes.apple.com/us/genre/id1489'}, {'genreId': '26', 'name': 'Podcasts', 'url': 'https://itunes.apple.com/us/genre/id26'}]",https://podcasts.apple.com/us/podcast/pod-save-america/id1192761536,Chris
101,APM Reports,1148175292,2019-09-10,In the Dark,podcast,"[{'genreId': '1324', 'name': 'Society & Culture', 'url': 'https://itunes.apple.com/us/genre/id1324'}, {'genreId': '26', 'name': 'Podcasts', 'url': 'https://itunes.apple.com/us/genre/id26'}]",https://podcasts.apple.com/us/podcast/in-the-dark/id1148175292,Chris
102,Sadie Robertson,1433974017,2019-03-27,WHOA That's Good Podcast,podcast,"[{'genreId': '1439', 'name': 'Christianity', 'url': 'https://itunes.apple.com/us/genre/id1439'}, {'genreId': '26', 'name': 'Podcasts', 'url': 'https://itunes.apple.com/us/genre/id26'}, {'genreId': '1314', 'name': 'Religion & Spirituality', 'url': 'https://itunes.apple.com/us/genre/id1314'}, {'genreId': '1321', 'name': 'Business', 'url': 'https://itunes.apple.com/us/genre/id1321'}]",https://podcasts.apple.com/us/podcast/whoa-thats-good-podcast/id1433974017,Chris
103,Oprah,1401057414,2019-05-30,Oprah’s Master Class: The Podcast,podcast,"[{'genreId': '1324', 'name': 'Society & Culture', 'url': 'https://itunes.apple.com/us/genre/id1324'}, {'genreId': '26', 'name': 'Podcasts', 'url': 'https://itunes.apple.com/us/genre/id26'}]",https://podcasts.apple.com/us/podcast/oprahs-master-class-the-podcast/id1401057414,Chris
104,iHeartRadio & Tenderfoot TV,1324249769,2019-09-19,Atlanta Monster,podcast,"[{'genreId': '1488', 'name': 'True Crime', 'url': 'https://itunes.apple.com/us/genre/id1488'}, {'genreId': '26', 'name': 'Podcasts', 'url': 'https://itunes.apple.com/us/genre/id26'}]",https://podcasts.apple.com/us/podcast/atlanta-monster/id1324249769,Chris
105,Tony Robbins,1098413063,2019-09-30,The Tony Robbins Podcast,podcast,"[{'genreId': '1304', 'name': 'Education', 'url': 'https://itunes.apple.com/us/genre/id1304'}, {'genreId': '26', 'name': 'Podcasts', 'url': 'https://itunes.apple.com/us/genre/id26'}, {'genreId': '1321', 'name': 'Business', 'url': 'https://itunes.apple.com/us/genre/id1321'}]",https://podcasts.apple.com/us/podcast/the-tony-robbins-podcast/id1098413063,Chris
106,Bill Burr,480486345,2019-09-30,Monday Morning Podcast,podcast,"[{'genreId': '1303', 'name': 'Comedy', 'url': 'https://itunes.apple.com/us/genre/id1303'}, {'genreId': '26', 'name': 'Podcasts', 'url': 'https://itunes.apple.com/us/genre/id26'}]",https://podcasts.apple.com/us/podcast/monday-morning-podcast/id480486345,Chris
107,Roman Mars,394775318,2019-10-01,99% Invisible,podcast,"[{'genreId': '1402', 'name': 'Design', 'url': 'https://itunes.apple.com/us/genre/id1402'}, {'genreId': '26', 'name': 'Podcasts', 'url': 'https://itunes.apple.com/us/genre/id26'}, {'genreId': '1301', 'name': 'Arts', 'url': 'https://itunes.apple.com/us/genre/id1301'}]",https://podcasts.apple.com/us/podcast/99-invisible/id394775318,Chris
108,Wondery,1335814741,2019-10-02,Business Wars,podcast,"[{'genreId': '1491', 'name': 'Management', 'url': 'https://itunes.apple.com/us/genre/id1491'}, {'genreId': '26', 'name': 'Podcasts', 'url': 'https://itunes.apple.com/us/genre/id26'}, {'genreId': '1321', 'name': 'Business', 'url': 'https://itunes.apple.com/us/genre/id1321'}, {'genreId': '1487', 'name': 'History', 'url': 'https://itunes.apple.com/us/genre/id1487'}]",https://podcasts.apple.com/us/podcast/business-wars/id1335814741,Chris
109,Parcast Network,1122804248,2019-10-01,Unsolved Murders: True Crime Stories,podcast,"[{'genreId': '1488', 'name': 'True Crime', 'url': 'https://itunes.apple.com/us/genre/id1488'}, {'genreId': '26', 'name': 'Podcasts', 'url': 'https://itunes.apple.com/us/genre/id26'}, {'genreId': '1487', 'name': 'History', 'url': 'https://itunes.apple.com/us/genre/id1487'}]",https://podcasts.apple.com/us/podcast/unsolved-murders-true-crime-stories/id1122804248,Chris
110,Nick Davis,1190981360,2019-10-01,This Past Weekend w/ Theo Von,podcast,"[{'genreId': '1496', 'name': 'Comedy Interviews', 'url': 'https://itunes.apple.com/us/genre/id1496'}, {'genreId': '26', 'name': 'Podcasts', 'url': 'https://itunes.apple.com/us/genre/id26'}, {'genreId': '1303', 'name': 'Comedy', 'url': 'https://itunes.apple.com/us/genre/id1303'}, {'genreId': '1497', 'name': 'Stand-Up', 'url': 'https://itunes.apple.com/us/genre/id1497'}]",https://podcasts.apple.com/us/podcast/this-past-weekend-w-theo-von/id1190981360,Chris
111,NPR,1057255460,2019-10-02,The NPR Politics Podcast,podcast,"[{'genreId': '1527', 'name': 'Politics', 'url': 'https://itunes.apple.com/us/genre/id1527'}, {'genreId': '26', 'name': 'Podcasts', 'url': 'https://itunes.apple.com/us/genre/id26'}, {'genreId': '1489', 'name': 'News', 'url': 'https://itunes.apple.com/us/genre/id1489'}, {'genreId': '1526', 'name': 'Daily News', 'url': 'https://itunes.apple.com/us/genre/id1526'}]",https://podcasts.apple.com/us/podcast/the-npr-politics-podcast/id1057255460,Chris
112,Elevation Church,216015753,2019-09-29,Elevation with Steven Furtick,podcast,"[{'genreId': '1439', 'name': 'Christianity', 'url': 'https://itunes.apple.com/us/genre/id1439'}, {'genreId': '26', 'name': 'Podcasts', 'url': 'https://itunes.apple.com/us/genre/id26'}, {'genreId': '1314', 'name': 'Religion & Spirituality', 'url': 'https://itunes.apple.com/us/genre/id1314'}, {'genreId': '1324', 'name': 'Society & Culture', 'url': 'https://itunes.apple.com/us/genre/id1324'}]",https://podcasts.apple.com/us/podcast/elevation-with-steven-furtick/id216015753,Chris
113,Chris D'Elia,1201940175,2019-09-23,Congratulations with Chris D'Elia,podcast,"[{'genreId': '1303', 'name': 'Comedy', 'url': 'https://itunes.apple.com/us/genre/id1303'}, {'genreId': '26', 'name': 'Podcasts', 'url': 'https://itunes.apple.com/us/genre/id26'}, {'genreId': '1324', 'name': 'Society & Culture', 'url': 'https://itunes.apple.com/us/genre/id1324'}]",https://podcasts.apple.com/us/podcast/congratulations-with-chris-delia/id1201940175,Chris
114,Lewis Howes,596047499,2019-10-02,The School of Greatness,podcast,"[{'genreId': '1512', 'name': 'Health & Fitness', 'url': 'https://itunes.apple.com/us/genre/id1512'}, {'genreId': '26', 'name': 'Podcasts', 'url': 'https://itunes.apple.com/us/genre/id26'}]",https://podcasts.apple.com/us/podcast/the-school-of-greatness/id596047499,Chris
115,iHeartRadio,1232428553,2019-10-02,The Breakfast Club,podcast,"[{'genreId': '1303', 'name': 'Comedy', 'url': 'https://itunes.apple.com/us/genre/id1303'}, {'genreId': '26', 'name': 'Podcasts', 'url': 'https://itunes.apple.com/us/genre/id26'}]",https://podcasts.apple.com/us/podcast/the-breakfast-club/id1232428553,Chris
116,Wave Podcast Network,1305546061,2019-10-03,Coffee Convos Podcast with Kail Lowry & Lindsie Chrisley,podcast,"[{'genreId': '1324', 'name': 'Society & Culture', 'url': 'https://itunes.apple.com/us/genre/id1324'}, {'genreId': '26', 'name': 'Podcasts', 'url': 'https://itunes.apple.com/us/genre/id26'}, {'genreId': '1305', 'name': 'Kids & Family', 'url': 'https://itunes.apple.com/us/genre/id1305'}, {'genreId': '1521', 'name': 'Parenting', 'url': 'https://itunes.apple.com/us/genre/id1521'}]",https://podcasts.apple.com/us/podcast/coffee-convos-podcast-with-kail-lowry-lindsie-chrisley/id1305546061,Chris
117,Bigger Pockets,594419649,2019-10-03,BiggerPockets Real Estate Podcast,podcast,"[{'genreId': '1412', 'name': 'Investing', 'url': 'https://itunes.apple.com/us/genre/id1412'}, {'genreId': '26', 'name': 'Podcasts', 'url': 'https://itunes.apple.com/us/genre/id26'}, {'genreId': '1321', 'name': 'Business', 'url': 'https://itunes.apple.com/us/genre/id1321'}, {'genreId': '1304', 'name': 'Education', 'url': 'https://itunes.apple.com/us/genre/id1304'}]",https://podcasts.apple.com/us/podcast/biggerpockets-real-estate-podcast/id594419649,Jeremy
118,Jocko DEFCOR Network,1070322219,2019-10-02,Jocko Podcast,podcast,"[{'genreId': '1321', 'name': 'Business', 'url': 'https://itunes.apple.com/us/genre/id1321'}, {'genreId': '26', 'name': 'Podcasts', 'url': 'https://itunes.apple.com/us/genre/id26'}, {'genreId': '1487', 'name': 'History', 'url': 'https://itunes.apple.com/us/genre/id1487'}]",https://podcasts.apple.com/us/podcast/jocko-podcast/id1070322219,Jeremy
119,True Crime Obsessed,1232009882,2019-10-01,True Crime Obsessed,podcast,"[{'genreId': '1488', 'name': 'True Crime', 'url': 'https://itunes.apple.com/us/genre/id1488'}, {'genreId': '26', 'name': 'Podcasts', 'url': 'https://itunes.apple.com/us/genre/id26'}, {'genreId': '1324', 'name': 'Society & Culture', 'url': 'https://itunes.apple.com/us/genre/id1324'}]",https://podcasts.apple.com/us/podcast/true-crime-obsessed/id1232009882,Jeremy
120,KUOW,1455418690,2019-09-10,The Wild,podcast,"[{'genreId': '1304', 'name': 'Education', 'url': 'https://itunes.apple.com/us/genre/id1304'}, {'genreId': '26', 'name': 'Podcasts', 'url': 'https://itunes.apple.com/us/genre/id26'}]",https://podcasts.apple.com/us/podcast/the-wild/id1455418690,Jeremy
121,Rachel Hollis & Dave Hollis,1407481308,2019-10-03,RISE Together Podcast,podcast,"[{'genreId': '1410', 'name': 'Careers', 'url': 'https://itunes.apple.com/us/genre/id1410'}, {'genreId': '26', 'name': 'Podcasts', 'url': 'https://itunes.apple.com/us/genre/id26'}, {'genreId': '1321', 'name': 'Business', 'url': 'https://itunes.apple.com/us/genre/id1321'}]",https://podcasts.apple.com/us/podcast/rise-together-podcast/id1407481308,Jeremy
122,Barstool Sports,1441806992,2019-10-01,Schnitt Talk,podcast,"[{'genreId': '1324', 'name': 'Society & Culture', 'url': 'https://itunes.apple.com/us/genre/id1324'}, {'genreId': '26', 'name': 'Podcasts', 'url': 'https://itunes.apple.com/us/genre/id26'}]",https://podcasts.apple.com/us/podcast/schnitt-talk/id1441806992,Jeremy
123,Skylark Media,1441348407,2019-09-30,American Hysteria,podcast,"[{'genreId': '1324', 'name': 'Society & Culture', 'url': 'https://itunes.apple.com/us/genre/id1324'}, {'genreId': '26', 'name': 'Podcasts', 'url': 'https://itunes.apple.com/us/genre/id26'}, {'genreId': '1487', 'name': 'History', 'url': 'https://itunes.apple.com/us/genre/id1487'}]",https://podcasts.apple.com/us/podcast/american-hysteria/id1441348407,Jeremy
124,Sam Harris,733163012,2019-10-02,Making Sense with Sam Harris,podcast,"[{'genreId': '1533', 'name': 'Science', 'url': 'https://itunes.apple.com/us/genre/id1533'}, {'genreId': '26', 'name': 'Podcasts', 'url': 'https://itunes.apple.com/us/genre/id26'}, {'genreId': '1324', 'name': 'Society & Culture', 'url': 'https://itunes.apple.com/us/genre/id1324'}]",https://podcasts.apple.com/us/podcast/making-sense-with-sam-harris/id733163012,Jeremy
125,"theSkimm, Inc.",1454021155,2019-10-02,Skimm This,podcast,"[{'genreId': '1526', 'name': 'Daily News', 'url': 'https://itunes.apple.com/us/genre/id1526'}, {'genreId': '26', 'name': 'Podcasts', 'url': 'https://itunes.apple.com/us/genre/id26'}, {'genreId': '1489', 'name': 'News', 'url': 'https://itunes.apple.com/us/genre/id1489'}]",https://podcasts.apple.com/us/podcast/skimm-this/id1454021155,Jeremy
126,Endeavor Audio,1447513097,2019-09-24,Blackout,podcast,"[{'genreId': '1484', 'name': 'Drama', 'url': 'https://itunes.apple.com/us/genre/id1484'}, {'genreId': '26', 'name': 'Podcasts', 'url': 'https://itunes.apple.com/us/genre/id26'}, {'genreId': '1483', 'name': 'Fiction', 'url': 'https://itunes.apple.com/us/genre/id1483'}, {'genreId': '1301', 'name': 'Arts', 'url': 'https://itunes.apple.com/us/genre/id1301'}]",https://podcasts.apple.com/us/podcast/blackout/id1447513097,Jeremy
127,FOX Sports Radio,1042368254,2019-10-03,The Herd with Colin Cowherd,podcast,"[{'genreId': '1545', 'name': 'Sports', 'url': 'https://itunes.apple.com/us/genre/id1545'}, {'genreId': '26', 'name': 'Podcasts', 'url': 'https://itunes.apple.com/us/genre/id26'}]",https://podcasts.apple.com/us/podcast/the-herd-with-colin-cowherd/id1042368254,Jeremy
128,YMH Studios,503482646,2019-10-02,Your Mom's House with Christina P. and Tom Segura,podcast,"[{'genreId': '1303', 'name': 'Comedy', 'url': 'https://itunes.apple.com/us/genre/id1303'}, {'genreId': '26', 'name': 'Podcasts', 'url': 'https://itunes.apple.com/us/genre/id26'}]",https://podcasts.apple.com/us/podcast/your-moms-house-with-christina-p-and-tom-segura/id503482646,Jeremy
129,Wondery,1313596069,2019-10-02,American History Tellers,podcast,"[{'genreId': '1487', 'name': 'History', 'url': 'https://itunes.apple.com/us/genre/id1487'}, {'genreId': '26', 'name': 'Podcasts', 'url': 'https://itunes.apple.com/us/genre/id26'}, {'genreId': '1305', 'name': 'Kids & Family', 'url': 'https://itunes.apple.com/us/genre/id1305'}, {'genreId': '1519', 'name': 'Education for Kids', 'url': 'https://itunes.apple.com/us/genre/id1519'}]",https://podcasts.apple.com/us/podcast/american-history-tellers/id1313596069,Jeremy
130,FOX Sports,1150088852,2019-10-02,Skip and Shannon: Undisputed,podcast,"[{'genreId': '1545', 'name': 'Sports', 'url': 'https://itunes.apple.com/us/genre/id1545'}, {'genreId': '26', 'name': 'Podcasts', 'url': 'https://itunes.apple.com/us/genre/id26'}, {'genreId': '1489', 'name': 'News', 'url': 'https://itunes.apple.com/us/genre/id1489'}, {'genreId': '1529', 'name': 'Sports News', 'url': 'https://itunes.apple.com/us/genre/id1529'}]",https://podcasts.apple.com/us/podcast/skip-and-shannon-undisputed/id1150088852,Jeremy
131,"Robinhood Financial, LLC",1386234384,2019-10-03,Snacks Daily,podcast,"[{'genreId': '1490', 'name': 'Business News', 'url': 'https://itunes.apple.com/us/genre/id1490'}, {'genreId': '26', 'name': 'Podcasts', 'url': 'https://itunes.apple.com/us/genre/id26'}, {'genreId': '1489', 'name': 'News', 'url': 'https://itunes.apple.com/us/genre/id1489'}, {'genreId': '1321', 'name': 'Business', 'url': 'https://itunes.apple.com/us/genre/id1321'}, {'genreId': '1412', 'name': 'Investing', 'url': 'https://itunes.apple.com/us/genre/id1412'}]",https://podcasts.apple.com/us/podcast/snacks-daily/id1386234384,Jeremy
132,Parcast Network,1205030005,2019-09-30,Serial Killers,podcast,"[{'genreId': '1488', 'name': 'True Crime', 'url': 'https://itunes.apple.com/us/genre/id1488'}, {'genreId': '26', 'name': 'Podcasts', 'url': 'https://itunes.apple.com/us/genre/id26'}, {'genreId': '1487', 'name': 'History', 'url': 'https://itunes.apple.com/us/genre/id1487'}]",https://podcasts.apple.com/us/podcast/serial-killers/id1205030005,Jeremy
133,The Australian,1385379989,2019-04-05,The Teacher's Pet,podcast,"[{'genreId': '1489', 'name': 'News', 'url': 'https://itunes.apple.com/us/genre/id1489'}, {'genreId': '26', 'name': 'Podcasts', 'url': 'https://itunes.apple.com/us/genre/id26'}, {'genreId': '1324', 'name': 'Society & Culture', 'url': 'https://itunes.apple.com/us/genre/id1324'}]",https://podcasts.apple.com/us/podcast/the-teachers-pet/id1385379989,Jeremy
134,Jenna Kutcher,1178704872,2019-10-02,The Goal Digger Podcast,podcast,"[{'genreId': '1492', 'name': 'Marketing', 'url': 'https://itunes.apple.com/us/genre/id1492'}, {'genreId': '26', 'name': 'Podcasts', 'url': 'https://itunes.apple.com/us/genre/id26'}, {'genreId': '1321', 'name': 'Business', 'url': 'https://itunes.apple.com/us/genre/id1321'}, {'genreId': '1410', 'name': 'Careers', 'url': 'https://itunes.apple.com/us/genre/id1410'}]",https://podcasts.apple.com/us/podcast/the-goal-digger-podcast/id1178704872,Jeremy
135,The Boston Globe | Wondery,1437935588,2019-09-16,Gladiator: Aaron Hernandez and Football Inc.,podcast,"[{'genreId': '1547', 'name': 'Football', 'url': 'https://itunes.apple.com/us/genre/id1547'}, {'genreId': '26', 'name': 'Podcasts', 'url': 'https://itunes.apple.com/us/genre/id26'}, {'genreId': '1545', 'name': 'Sports', 'url': 'https://itunes.apple.com/us/genre/id1545'}, {'genreId': '1488', 'name': 'True Crime', 'url': 'https://itunes.apple.com/us/genre/id1488'}]",https://podcasts.apple.com/us/podcast/gladiator-aaron-hernandez-and-football-inc/id1437935588,Jeremy
136,"ESPN, Stephen A. Smith, Max Kellerman, Molly Qerim",428989929,2019-10-02,First Take,podcast,"[{'genreId': '1545', 'name': 'Sports', 'url': 'https://itunes.apple.com/us/genre/id1545'}, {'genreId': '26', 'name': 'Podcasts', 'url': 'https://itunes.apple.com/us/genre/id26'}]",https://podcasts.apple.com/us/podcast/first-take/id428989929,Jeremy
137,Wondery,1435516849,2019-10-02,American Scandal,podcast,"[{'genreId': '1487', 'name': 'History', 'url': 'https://itunes.apple.com/us/genre/id1487'}, {'genreId': '26', 'name': 'Podcasts', 'url': 'https://itunes.apple.com/us/genre/id26'}, {'genreId': '1324', 'name': 'Society & Culture', 'url': 'https://itunes.apple.com/us/genre/id1324'}, {'genreId': '1543', 'name': 'Documentary', 'url': 'https://itunes.apple.com/us/genre/id1543'}]",https://podcasts.apple.com/us/podcast/american-scandal/id1435516849,Jeremy
138,Exactly Right,1299915173,2019-09-03,This Podcast Will Kill You,podcast,"[{'genreId': '1541', 'name': 'Life Sciences', 'url': 'https://itunes.apple.com/us/genre/id1541'}, {'genreId': '26', 'name': 'Podcasts', 'url': 'https://itunes.apple.com/us/genre/id26'}, {'genreId': '1533', 'name': 'Science', 'url': 'https://itunes.apple.com/us/genre/id1533'}, {'genreId': '1512', 'name': 'Health & Fitness', 'url': 'https://itunes.apple.com/us/genre/id1512'}, {'genreId': '1518', 'name': 'Medicine', 'url': 'https://itunes.apple.com/us/genre/id1518'}]",https://podcasts.apple.com/us/podcast/this-podcast-will-kill-you/id1299915173,Jeremy
139,NPR,121493675,2019-10-03,NPR News Now,podcast,"[{'genreId': '1526', 'name': 'Daily News', 'url': 'https://itunes.apple.com/us/genre/id1526'}, {'genreId': '26', 'name': 'Podcasts', 'url': 'https://itunes.apple.com/us/genre/id26'}, {'genreId': '1489', 'name': 'News', 'url': 'https://itunes.apple.com/us/genre/id1489'}]",https://podcasts.apple.com/us/podcast/npr-news-now/id121493675,Jeremy
140,Mike Rowe,1087110764,2019-10-01,The Way I Heard It with Mike Rowe,podcast,"[{'genreId': '1324', 'name': 'Society & Culture', 'url': 'https://itunes.apple.com/us/genre/id1324'}, {'genreId': '26', 'name': 'Podcasts', 'url': 'https://itunes.apple.com/us/genre/id26'}, {'genreId': '1487', 'name': 'History', 'url': 'https://itunes.apple.com/us/genre/id1487'}]",https://podcasts.apple.com/us/podcast/the-way-i-heard-it-with-mike-rowe/id1087110764,Jeremy
141,Wondery,1081124929,2019-09-30,The Vanished Podcast,podcast,"[{'genreId': '1488', 'name': 'True Crime', 'url': 'https://itunes.apple.com/us/genre/id1488'}, {'genreId': '26', 'name': 'Podcasts', 'url': 'https://itunes.apple.com/us/genre/id26'}, {'genreId': '1489', 'name': 'News', 'url': 'https://itunes.apple.com/us/genre/id1489'}]",https://podcasts.apple.com/us/podcast/the-vanished-podcast/id1081124929,Jeremy
142,NPR,1451109634,2019-10-03,Throughline,podcast,"[{'genreId': '1487', 'name': 'History', 'url': 'https://itunes.apple.com/us/genre/id1487'}, {'genreId': '26', 'name': 'Podcasts', 'url': 'https://itunes.apple.com/us/genre/id26'}]",https://podcasts.apple.com/us/podcast/throughline/id1451109634,Jeremy
143,Gimlet,1051557000,2019-09-27,Science Vs,podcast,"[{'genreId': '1533', 'name': 'Science', 'url': 'https://itunes.apple.com/us/genre/id1533'}, {'genreId': '26', 'name': 'Podcasts', 'url': 'https://itunes.apple.com/us/genre/id26'}, {'genreId': '1304', 'name': 'Education', 'url': 'https://itunes.apple.com/us/genre/id1304'}]",https://podcasts.apple.com/us/podcast/science-vs/id1051557000,Jeremy
144,Earwolf & Adam Conover,1463460577,2019-10-03,Factually! with Adam Conover,podcast,"[{'genreId': '1303', 'name': 'Comedy', 'url': 'https://itunes.apple.com/us/genre/id1303'}, {'genreId': '26', 'name': 'Podcasts', 'url': 'https://itunes.apple.com/us/genre/id26'}]",https://podcasts.apple.com/us/podcast/factually-with-adam-conover/id1463460577,Jeremy
145,BBC World Service,1459657136,2019-07-19,13 Minutes to the Moon,podcast,"[{'genreId': '1318', 'name': 'Technology', 'url': 'https://itunes.apple.com/us/genre/id1318'}, {'genreId': '26', 'name': 'Podcasts', 'url': 'https://itunes.apple.com/us/genre/id26'}]",https://podcasts.apple.com/us/podcast/13-minutes-to-the-moon/id1459657136,Jeremy
146,Alie Ward,1278815517,2019-10-02,Ologies with Alie Ward,podcast,"[{'genreId': '1533', 'name': 'Science', 'url': 'https://itunes.apple.com/us/genre/id1533'}, {'genreId': '26', 'name': 'Podcasts', 'url': 'https://itunes.apple.com/us/genre/id26'}, {'genreId': '1303', 'name': 'Comedy', 'url': 'https://itunes.apple.com/us/genre/id1303'}]",https://podcasts.apple.com/us/podcast/ologies-with-alie-ward/id1278815517,Jeremy
147,iHeartRadio & Glamour,1434603257,2019-09-17,Broken Harts,podcast,"[{'genreId': '1488', 'name': 'True Crime', 'url': 'https://itunes.apple.com/us/genre/id1488'}, {'genreId': '26', 'name': 'Podcasts', 'url': 'https://itunes.apple.com/us/genre/id26'}]",https://podcasts.apple.com/us/podcast/broken-harts/id1434603257,Jeremy
148,Gimlet,1170959623,2019-10-01,Crimetown,podcast,"[{'genreId': '1489', 'name': 'News', 'url': 'https://itunes.apple.com/us/genre/id1489'}, {'genreId': '26', 'name': 'Podcasts', 'url': 'https://itunes.apple.com/us/genre/id26'}, {'genreId': '1511', 'name': 'Government', 'url': 'https://itunes.apple.com/us/genre/id1511'}]",https://podcasts.apple.com/us/podcast/crimetown/id1170959623,Jeremy
149,iHeartRadio,1449757372,2019-07-04,Sleepwalkers,podcast,"[{'genreId': '1318', 'name': 'Technology', 'url': 'https://itunes.apple.com/us/genre/id1318'}, {'genreId': '26', 'name': 'Podcasts', 'url': 'https://itunes.apple.com/us/genre/id26'}, {'genreId': '1489', 'name': 'News', 'url': 'https://itunes.apple.com/us/genre/id1489'}, {'genreId': '1528', 'name': 'Tech News', 'url': 'https://itunes.apple.com/us/genre/id1528'}]",https://podcasts.apple.com/us/podcast/sleepwalkers/id1449757372,Jeremy
150,iHeartRadio & Jake Brennan,1275172907,2019-10-01,DISGRACELAND,podcast,"[{'genreId': '1524', 'name': 'Music History', 'url': 'https://itunes.apple.com/us/genre/id1524'}, {'genreId': '26', 'name': 'Podcasts', 'url': 'https://itunes.apple.com/us/genre/id26'}, {'genreId': '1310', 'name': 'Music', 'url': 'https://itunes.apple.com/us/genre/id1310'}]",https://podcasts.apple.com/us/podcast/disgraceland/id1275172907,Jeremy
151,"ESPN, Scott Van Pelt, Ryen Russillo",1465969075,2019-08-14,SVP & Russillo,podcast,"[{'genreId': '1545', 'name': 'Sports', 'url': 'https://itunes.apple.com/us/genre/id1545'}, {'genreId': '26', 'name': 'Podcasts', 'url': 'https://itunes.apple.com/us/genre/id26'}]",https://podcasts.apple.com/us/podcast/svp-russillo/id1465969075,Jeremy
152,Misfits,1399485424,2019-10-01,The Misfits Podcast,podcast,"[{'genreId': '1303', 'name': 'Comedy', 'url': 'https://itunes.apple.com/us/genre/id1303'}, {'genreId': '26', 'name': 'Podcasts', 'url': 'https://itunes.apple.com/us/genre/id26'}]",https://podcasts.apple.com/us/podcast/the-misfits-podcast/id1399485424,Jeremy
153,Starburns Audio,1333316223,2019-10-02,Small Doses with Amanda Seales,podcast,"[{'genreId': '1303', 'name': 'Comedy', 'url': 'https://itunes.apple.com/us/genre/id1303'}, {'genreId': '26', 'name': 'Podcasts', 'url': 'https://itunes.apple.com/us/genre/id26'}]",https://podcasts.apple.com/us/podcast/small-doses-with-amanda-seales/id1333316223,Jeremy
154,TRUE CRIME GARAGE,1062418176,2019-10-02,True Crime Garage,podcast,"[{'genreId': '1488', 'name': 'True Crime', 'url': 'https://itunes.apple.com/us/genre/id1488'}, {'genreId': '26', 'name': 'Podcasts', 'url': 'https://itunes.apple.com/us/genre/id26'}, {'genreId': '1489', 'name': 'News', 'url': 'https://itunes.apple.com/us/genre/id1489'}]",https://podcasts.apple.com/us/podcast/true-crime-garage/id1062418176,Jeremy
155,Crimetown Presents,1391405921,2019-08-15,The Ballad of Billy Balls / The RFK Tapes,podcast,"[{'genreId': '1487', 'name': 'History', 'url': 'https://itunes.apple.com/us/genre/id1487'}, {'genreId': '26', 'name': 'Podcasts', 'url': 'https://itunes.apple.com/us/genre/id26'}]",https://podcasts.apple.com/us/podcast/the-ballad-of-billy-balls-the-rfk-tapes/id1391405921,Jeremy
156,Jenna & Julien Podcast,909705390,2019-09-30,Jenna & Julien Podcast,podcast,"[{'genreId': '1303', 'name': 'Comedy', 'url': 'https://itunes.apple.com/us/genre/id1303'}, {'genreId': '26', 'name': 'Podcasts', 'url': 'https://itunes.apple.com/us/genre/id26'}]",https://podcasts.apple.com/us/podcast/jenna-julien-podcast/id909705390,Harini
157,Neil deGrasse Tyson,325404506,2019-09-27,StarTalk Radio,podcast,"[{'genreId': '1533', 'name': 'Science', 'url': 'https://itunes.apple.com/us/genre/id1533'}, {'genreId': '26', 'name': 'Podcasts', 'url': 'https://itunes.apple.com/us/genre/id26'}]",https://podcasts.apple.com/us/podcast/startalk-radio/id325404506,Harini
158,Loud Speakers Network,619369512,2019-10-01,The Read,podcast,"[{'genreId': '1303', 'name': 'Comedy', 'url': 'https://itunes.apple.com/us/genre/id1303'}, {'genreId': '26', 'name': 'Podcasts', 'url': 'https://itunes.apple.com/us/genre/id26'}]",https://podcasts.apple.com/us/podcast/the-read/id619369512,Harini
159,BBC World Service,135067274,2019-10-03,Global News Podcast,podcast,"[{'genreId': '1489', 'name': 'News', 'url': 'https://itunes.apple.com/us/genre/id1489'}, {'genreId': '26', 'name': 'Podcasts', 'url': 'https://itunes.apple.com/us/genre/id26'}]",https://podcasts.apple.com/us/podcast/global-news-podcast/id135067274,Harini
160,Barstool Sports,1412142989,2019-10-03,Chicks in the Office,podcast,"[{'genreId': '1324', 'name': 'Society & Culture', 'url': 'https://itunes.apple.com/us/genre/id1324'}, {'genreId': '26', 'name': 'Podcasts', 'url': 'https://itunes.apple.com/us/genre/id26'}]",https://podcasts.apple.com/us/podcast/chicks-in-the-office/id1412142989,Harini
161,Logan Paul,1442164847,2019-10-02,Impaulsive with Logan Paul,podcast,"[{'genreId': '1303', 'name': 'Comedy', 'url': 'https://itunes.apple.com/us/genre/id1303'}, {'genreId': '26', 'name': 'Podcasts', 'url': 'https://itunes.apple.com/us/genre/id26'}, {'genreId': '1324', 'name': 'Society & Culture', 'url': 'https://itunes.apple.com/us/genre/id1324'}]",https://podcasts.apple.com/us/podcast/impaulsive-with-logan-paul/id1442164847,Harini
162,PragerU,1454587745,2019-09-29,The Candace Owens Show,podcast,"[{'genreId': '1304', 'name': 'Education', 'url': 'https://itunes.apple.com/us/genre/id1304'}, {'genreId': '26', 'name': 'Podcasts', 'url': 'https://itunes.apple.com/us/genre/id26'}]",https://podcasts.apple.com/us/podcast/the-candace-owens-show/id1454587745,Harini
163,REI Co-op,1463624066,2019-09-27,Wildfire,podcast,"[{'genreId': '1559', 'name': 'Wilderness', 'url': 'https://itunes.apple.com/us/genre/id1559'}, {'genreId': '26', 'name': 'Podcasts', 'url': 'https://itunes.apple.com/us/genre/id26'}, {'genreId': '1545', 'name': 'Sports', 'url': 'https://itunes.apple.com/us/genre/id1545'}, {'genreId': '1533', 'name': 'Science', 'url': 'https://itunes.apple.com/us/genre/id1533'}, {'genreId': '1534', 'name': 'Natural Sciences', 'url': 'https://itunes.apple.com/us/genre/id1534'}]",https://podcasts.apple.com/us/podcast/wildfire/id1463624066,Harini
164,American Public Media,1126119288,2019-10-01,"Terrible, Thanks For Asking",podcast,"[{'genreId': '1324', 'name': 'Society & Culture', 'url': 'https://itunes.apple.com/us/genre/id1324'}, {'genreId': '26', 'name': 'Podcasts', 'url': 'https://itunes.apple.com/us/genre/id26'}]",https://podcasts.apple.com/us/podcast/terrible-thanks-for-asking/id1126119288,Harini
165,WAD Productions | Wondery,1435335444,2019-10-03,Ellen on the Go,podcast,"[{'genreId': '1309', 'name': 'TV & Film', 'url': 'https://itunes.apple.com/us/genre/id1309'}, {'genreId': '26', 'name': 'Podcasts', 'url': 'https://itunes.apple.com/us/genre/id26'}, {'genreId': '1489', 'name': 'News', 'url': 'https://itunes.apple.com/us/genre/id1489'}, {'genreId': '1531', 'name': 'Entertainment News', 'url': 'https://itunes.apple.com/us/genre/id1531'}]",https://podcasts.apple.com/us/podcast/ellen-on-the-go/id1435335444,Harini
166,TED,1346314086,2019-05-20,WorkLife with Adam Grant,podcast,"[{'genreId': '1491', 'name': 'Management', 'url': 'https://itunes.apple.com/us/genre/id1491'}, {'genreId': '26', 'name': 'Podcasts', 'url': 'https://itunes.apple.com/us/genre/id26'}, {'genreId': '1321', 'name': 'Business', 'url': 'https://itunes.apple.com/us/genre/id1321'}]",https://podcasts.apple.com/us/podcast/worklife-with-adam-grant/id1346314086,Harini
167,Marc Maron,329875043,2019-10-03,WTF with Marc Maron Podcast,podcast,"[{'genreId': '1303', 'name': 'Comedy', 'url': 'https://itunes.apple.com/us/genre/id1303'}, {'genreId': '26', 'name': 'Podcasts', 'url': 'https://itunes.apple.com/us/genre/id26'}, {'genreId': '1301', 'name': 'Arts', 'url': 'https://itunes.apple.com/us/genre/id1301'}, {'genreId': '1405', 'name': 'Performing Arts', 'url': 'https://itunes.apple.com/us/genre/id1405'}]",https://podcasts.apple.com/us/podcast/wtf-with-marc-maron-podcast/id329875043,Harini
168,Brendan Schaub & Theo Von,1447672084,2019-10-03,King and the Sting,podcast,"[{'genreId': '1303', 'name': 'Comedy', 'url': 'https://itunes.apple.com/us/genre/id1303'}, {'genreId': '26', 'name': 'Podcasts', 'url': 'https://itunes.apple.com/us/genre/id26'}]",https://podcasts.apple.com/us/podcast/king-and-the-sting/id1447672084,Harini
169,CBC Podcasts,1364665348,2019-09-24,Uncover,podcast,"[{'genreId': '1488', 'name': 'True Crime', 'url': 'https://itunes.apple.com/us/genre/id1488'}, {'genreId': '26', 'name': 'Podcasts', 'url': 'https://itunes.apple.com/us/genre/id26'}]",https://podcasts.apple.com/us/podcast/uncover/id1364665348,Harini
170,Westwood One / Dan Bongino,965293227,2019-10-03,The Dan Bongino Show,podcast,"[{'genreId': '1530', 'name': 'News Commentary', 'url': 'https://itunes.apple.com/us/genre/id1530'}, {'genreId': '26', 'name': 'Podcasts', 'url': 'https://itunes.apple.com/us/genre/id26'}, {'genreId': '1489', 'name': 'News', 'url': 'https://itunes.apple.com/us/genre/id1489'}]",https://podcasts.apple.com/us/podcast/the-dan-bongino-show/id965293227,Harini
171,ABC News,1087147821,2019-10-02,Ten Percent Happier with Dan Harris,podcast,"[{'genreId': '1517', 'name': 'Mental Health', 'url': 'https://itunes.apple.com/us/genre/id1517'}, {'genreId': '26', 'name': 'Podcasts', 'url': 'https://itunes.apple.com/us/genre/id26'}, {'genreId': '1512', 'name': 'Health & Fitness', 'url': 'https://itunes.apple.com/us/genre/id1512'}]",https://podcasts.apple.com/us/podcast/ten-percent-happier-with-dan-harris/id1087147821,Harini
172,Gimlet,941907967,2019-09-26,Reply All,podcast,"[{'genreId': '1318', 'name': 'Technology', 'url': 'https://itunes.apple.com/us/genre/id1318'}, {'genreId': '26', 'name': 'Podcasts', 'url': 'https://itunes.apple.com/us/genre/id26'}, {'genreId': '1301', 'name': 'Arts', 'url': 'https://itunes.apple.com/us/genre/id1301'}]",https://podcasts.apple.com/us/podcast/reply-all/id941907967,Harini
173,"Brendan Schaub, Bryan Callen",706421907,2019-10-02,The Fighter & The Kid,podcast,"[{'genreId': '1545', 'name': 'Sports', 'url': 'https://itunes.apple.com/us/genre/id1545'}, {'genreId': '26', 'name': 'Podcasts', 'url': 'https://itunes.apple.com/us/genre/id26'}, {'genreId': '1324', 'name': 'Society & Culture', 'url': 'https://itunes.apple.com/us/genre/id1324'}]",https://podcasts.apple.com/us/podcast/the-fighter-the-kid/id706421907,Harini
174,Gretchen Rubin / The Onward Project,969519520,2019-10-02,Happier with Gretchen Rubin,podcast,"[{'genreId': '1500', 'name': 'Self-Improvement', 'url': 'https://itunes.apple.com/us/genre/id1500'}, {'genreId': '26', 'name': 'Podcasts', 'url': 'https://itunes.apple.com/us/genre/id26'}, {'genreId': '1304', 'name': 'Education', 'url': 'https://itunes.apple.com/us/genre/id1304'}]",https://podcasts.apple.com/us/podcast/happier-with-gretchen-rubin/id969519520,Harini
175,Ramble,1439655378,2019-10-02,Pretty Basic with Alisha Marie and Remi Cruz,podcast,"[{'genreId': '1302', 'name': 'Personal Journals', 'url': 'https://itunes.apple.com/us/genre/id1302'}, {'genreId': '26', 'name': 'Podcasts', 'url': 'https://itunes.apple.com/us/genre/id26'}, {'genreId': '1324', 'name': 'Society & Culture', 'url': 'https://itunes.apple.com/us/genre/id1324'}, {'genreId': '1544', 'name': 'Relationships', 'url': 'https://itunes.apple.com/us/genre/id1544'}]",https://podcasts.apple.com/us/podcast/pretty-basic-with-alisha-marie-and-remi-cruz/id1439655378,Harini
176,Melissa Urban,1460152081,2019-10-01,"Do The Thing, with Whole30's Melissa Urban",podcast,"[{'genreId': '1512', 'name': 'Health & Fitness', 'url': 'https://itunes.apple.com/us/genre/id1512'}, {'genreId': '26', 'name': 'Podcasts', 'url': 'https://itunes.apple.com/us/genre/id26'}]",https://podcasts.apple.com/us/podcast/do-the-thing-with-whole30s-melissa-urban/id1460152081,Harini
177,Mandi Woodruff and Tiffany Aliche,1039708229,2019-10-02,Brown Ambition,podcast,"[{'genreId': '1410', 'name': 'Careers', 'url': 'https://itunes.apple.com/us/genre/id1410'}, {'genreId': '26', 'name': 'Podcasts', 'url': 'https://itunes.apple.com/us/genre/id26'}, {'genreId': '1321', 'name': 'Business', 'url': 'https://itunes.apple.com/us/genre/id1321'}, {'genreId': '1412', 'name': 'Investing', 'url': 'https://itunes.apple.com/us/genre/id1412'}]",https://podcasts.apple.com/us/podcast/brown-ambition/id1039708229,Harini
178,iHeartRadio,1449636432,2019-09-27,Hit Man,podcast,"[{'genreId': '1488', 'name': 'True Crime', 'url': 'https://itunes.apple.com/us/genre/id1488'}, {'genreId': '26', 'name': 'Podcasts', 'url': 'https://itunes.apple.com/us/genre/id26'}]",https://podcasts.apple.com/us/podcast/hit-man/id1449636432,Harini
179,GLASS | Wondery,1467123067,2019-08-28,Confronting: O.J. Simpson with Kim Goldman,podcast,"[{'genreId': '1488', 'name': 'True Crime', 'url': 'https://itunes.apple.com/us/genre/id1488'}, {'genreId': '26', 'name': 'Podcasts', 'url': 'https://itunes.apple.com/us/genre/id26'}, {'genreId': '1324', 'name': 'Society & Culture', 'url': 'https://itunes.apple.com/us/genre/id1324'}, {'genreId': '1543', 'name': 'Documentary', 'url': 'https://itunes.apple.com/us/genre/id1543'}]",https://podcasts.apple.com/us/podcast/confronting-o-j-simpson-with-kim-goldman/id1467123067,Harini
180,Comedy Central,1458363841,2019-09-30,Your 2 Dads w/ Sean & Julian,podcast,"[{'genreId': '1521', 'name': 'Parenting', 'url': 'https://itunes.apple.com/us/genre/id1521'}, {'genreId': '26', 'name': 'Podcasts', 'url': 'https://itunes.apple.com/us/genre/id26'}, {'genreId': '1305', 'name': 'Kids & Family', 'url': 'https://itunes.apple.com/us/genre/id1305'}, {'genreId': '1303', 'name': 'Comedy', 'url': 'https://itunes.apple.com/us/genre/id1303'}, {'genreId': '1496', 'name': 'Comedy Interviews', 'url': 'https://itunes.apple.com/us/genre/id1496'}]",https://podcasts.apple.com/us/podcast/your-2-dads-w-sean-julian/id1458363841,Harini
181,Wonder Media Network,1464524725,2019-10-03,Encyclopedia Womannica,podcast,"[{'genreId': '1487', 'name': 'History', 'url': 'https://itunes.apple.com/us/genre/id1487'}, {'genreId': '26', 'name': 'Podcasts', 'url': 'https://itunes.apple.com/us/genre/id26'}, {'genreId': '1324', 'name': 'Society & Culture', 'url': 'https://itunes.apple.com/us/genre/id1324'}]",https://podcasts.apple.com/us/podcast/encyclopedia-womannica/id1464524725,Harini
182,Civilized,1463344677,2019-06-27,Changing the Game,podcast,"[{'genreId': '1513', 'name': 'Alternative Health', 'url': 'https://itunes.apple.com/us/genre/id1513'}, {'genreId': '26', 'name': 'Podcasts', 'url': 'https://itunes.apple.com/us/genre/id26'}, {'genreId': '1512', 'name': 'Health & Fitness', 'url': 'https://itunes.apple.com/us/genre/id1512'}, {'genreId': '1545', 'name': 'Sports', 'url': 'https://itunes.apple.com/us/genre/id1545'}]",https://podcasts.apple.com/us/podcast/changing-the-game/id1463344677,Harini
183,iHeartRadio,1466080869,2019-09-30,How Men Think with Brooks Laich & Gavin DeGraw,podcast,"[{'genreId': '1544', 'name': 'Relationships', 'url': 'https://itunes.apple.com/us/genre/id1544'}, {'genreId': '26', 'name': 'Podcasts', 'url': 'https://itunes.apple.com/us/genre/id26'}, {'genreId': '1324', 'name': 'Society & Culture', 'url': 'https://itunes.apple.com/us/genre/id1324'}, {'genreId': '1512', 'name': 'Health & Fitness', 'url': 'https://itunes.apple.com/us/genre/id1512'}, {'genreId': '1516', 'name': 'Sexuality', 'url': 'https://itunes.apple.com/us/genre/id1516'}]",https://podcasts.apple.com/us/podcast/how-men-think-with-brooks-laich-gavin-degraw/id1466080869,Harini
184,American Public Media,1466271396,2019-08-19,Spectacular Failures,podcast,"[{'genreId': '1321', 'name': 'Business', 'url': 'https://itunes.apple.com/us/genre/id1321'}, {'genreId': '26', 'name': 'Podcasts', 'url': 'https://itunes.apple.com/us/genre/id26'}]",https://podcasts.apple.com/us/podcast/spectacular-failures/id1466271396,Harini
185,Righteous Media,1457899667,2019-10-03,Angry Americans with Paul Rieckhoff,podcast,"[{'genreId': '1527', 'name': 'Politics', 'url': 'https://itunes.apple.com/us/genre/id1527'}, {'genreId': '26', 'name': 'Podcasts', 'url': 'https://itunes.apple.com/us/genre/id26'}, {'genreId': '1489', 'name': 'News', 'url': 'https://itunes.apple.com/us/genre/id1489'}, {'genreId': '1530', 'name': 'News Commentary', 'url': 'https://itunes.apple.com/us/genre/id1530'}]",https://podcasts.apple.com/us/podcast/angry-americans-with-paul-rieckhoff/id1457899667,Harini
186,David Axelrod,1467297559,2019-09-30,Hacks on Tap with David Axelrod and Mike Murphy,podcast,"[{'genreId': '1489', 'name': 'News', 'url': 'https://itunes.apple.com/us/genre/id1489'}, {'genreId': '26', 'name': 'Podcasts', 'url': 'https://itunes.apple.com/us/genre/id26'}]",https://podcasts.apple.com/us/podcast/hacks-on-tap-with-david-axelrod-and-mike-murphy/id1467297559,Harini
187,"Tenderfoot TV, Black Mountain Media & Cadence 13",1466330985,2019-09-26,Culpable,podcast,"[{'genreId': '1488', 'name': 'True Crime', 'url': 'https://itunes.apple.com/us/genre/id1488'}, {'genreId': '26', 'name': 'Podcasts', 'url': 'https://itunes.apple.com/us/genre/id26'}]",https://podcasts.apple.com/us/podcast/culpable/id1466330985,Harini
188,New Hampshire Public Radio,1465785780,2019-06-06,Supervision,podcast,"[{'genreId': '1489', 'name': 'News', 'url': 'https://itunes.apple.com/us/genre/id1489'}, {'genreId': '26', 'name': 'Podcasts', 'url': 'https://itunes.apple.com/us/genre/id26'}]",https://podcasts.apple.com/us/podcast/supervision/id1465785780,Harini
189,iHeartRadio,1463444145,2019-09-12,NBC's Songland Podcast,podcast,"[{'genreId': '1525', 'name': 'Music Interviews', 'url': 'https://itunes.apple.com/us/genre/id1525'}, {'genreId': '26', 'name': 'Podcasts', 'url': 'https://itunes.apple.com/us/genre/id26'}, {'genreId': '1310', 'name': 'Music', 'url': 'https://itunes.apple.com/us/genre/id1310'}]",https://podcasts.apple.com/us/podcast/nbcs-songland-podcast/id1463444145,Harini
190,The Life of Us Vlogs,1466572667,2019-06-02,The Uncut Life of Anisia & Devonte,podcast,"[{'genreId': '1303', 'name': 'Comedy', 'url': 'https://itunes.apple.com/us/genre/id1303'}, {'genreId': '26', 'name': 'Podcasts', 'url': 'https://itunes.apple.com/us/genre/id26'}]",https://podcasts.apple.com/us/podcast/the-uncut-life-of-anisia-devonte/id1466572667,Harini
191,Joel Osteen,137254859,2019-10-03,Joel Osteen Podcast,podcast,"[{'genreId': '1439', 'name': 'Christianity', 'url': 'https://itunes.apple.com/us/genre/id1439'}, {'genreId': '26', 'name': 'Podcasts', 'url': 'https://itunes.apple.com/us/genre/id26'}, {'genreId': '1314', 'name': 'Religion & Spirituality', 'url': 'https://itunes.apple.com/us/genre/id1314'}]",https://podcasts.apple.com/us/podcast/joel-osteen-podcast/id137254859,Harini
192,"Rachel Maddow, MSNBC",294055449,2019-10-03,The Rachel Maddow Show,podcast,"[{'genreId': '1527', 'name': 'Politics', 'url': 'https://itunes.apple.com/us/genre/id1527'}, {'genreId': '26', 'name': 'Podcasts', 'url': 'https://itunes.apple.com/us/genre/id26'}, {'genreId': '1489', 'name': 'News', 'url': 'https://itunes.apple.com/us/genre/id1489'}, {'genreId': '1526', 'name': 'Daily News', 'url': 'https://itunes.apple.com/us/genre/id1526'}]",https://podcasts.apple.com/us/podcast/the-rachel-maddow-show/id294055449,Harini
193,"Jason Weiser, Carissa Weiser / Bardic",990897842,2019-10-02,Myths and Legends,podcast,"[{'genreId': '1482', 'name': 'Books', 'url': 'https://itunes.apple.com/us/genre/id1482'}, {'genreId': '26', 'name': 'Podcasts', 'url': 'https://itunes.apple.com/us/genre/id26'}, {'genreId': '1301', 'name': 'Arts', 'url': 'https://itunes.apple.com/us/genre/id1301'}, {'genreId': '1487', 'name': 'History', 'url': 'https://itunes.apple.com/us/genre/id1487'}]",https://podcasts.apple.com/us/podcast/myths-and-legends/id990897842,Harini
194,The Art of Manliness,332516054,2019-10-02,The Art of Manliness,podcast,"[{'genreId': '1443', 'name': 'Philosophy', 'url': 'https://itunes.apple.com/us/genre/id1443'}, {'genreId': '26', 'name': 'Podcasts', 'url': 'https://itunes.apple.com/us/genre/id26'}, {'genreId': '1324', 'name': 'Society & Culture', 'url': 'https://itunes.apple.com/us/genre/id1324'}, {'genreId': '1304', 'name': 'Education', 'url': 'https://itunes.apple.com/us/genre/id1304'}]",https://podcasts.apple.com/us/podcast/the-art-of-manliness/id332516054,Harini
195,"Goop, Inc. and Cadence13",1352546554,2019-10-03,The goop Podcast,podcast,"[{'genreId': '1500', 'name': 'Self-Improvement', 'url': 'https://itunes.apple.com/us/genre/id1500'}, {'genreId': '26', 'name': 'Podcasts', 'url': 'https://itunes.apple.com/us/genre/id26'}, {'genreId': '1304', 'name': 'Education', 'url': 'https://itunes.apple.com/us/genre/id1304'}]",https://podcasts.apple.com/us/podcast/the-goop-podcast/id1352546554,Jamie
196,"Earwolf and Paul Scheer, June Diane Raphael, Jason Mantzoukas",409287913,2019-09-27,How Did This Get Made?,podcast,"[{'genreId': '1303', 'name': 'Comedy', 'url': 'https://itunes.apple.com/us/genre/id1303'}, {'genreId': '26', 'name': 'Podcasts', 'url': 'https://itunes.apple.com/us/genre/id26'}]",https://podcasts.apple.com/us/podcast/how-did-this-get-made/id409287913,Vincent
197,United We Cast,1282242737,2019-10-02,#GetSome with Gary Owen,podcast,"[{'genreId': '1303', 'name': 'Comedy', 'url': 'https://itunes.apple.com/us/genre/id1303'}, {'genreId': '26', 'name': 'Podcasts', 'url': 'https://itunes.apple.com/us/genre/id26'}, {'genreId': '1301', 'name': 'Arts', 'url': 'https://itunes.apple.com/us/genre/id1301'}, {'genreId': '1405', 'name': 'Performing Arts', 'url': 'https://itunes.apple.com/us/genre/id1405'}]",https://podcasts.apple.com/us/podcast/getsome-with-gary-owen/id1282242737,Chris
198,Mythical & Ramble,717407884,2019-09-30,Ear Biscuits,podcast,"[{'genreId': '1303', 'name': 'Comedy', 'url': 'https://itunes.apple.com/us/genre/id1303'}, {'genreId': '26', 'name': 'Podcasts', 'url': 'https://itunes.apple.com/us/genre/id26'}]",https://podcasts.apple.com/us/podcast/ear-biscuits/id717407884,Jeremy
